,Titles,Author Names,Published Time,First Paragraph,Links,Images
0,Imran calls on long march participants to reach Rawalpindi on Nov 26,,**,"""I will meet you there,"" says the PTI chief.
 
    ",https://www.dawn.com/news/1717321/imran-calls-on-long-march-participants-to-reach-rawalpindi-on-nov-26,https://i.dawn.com/medium/2022/11/19172041ef8891f.png?r=172059
1,"Pakistan will not default, will make bond payments on time: Dar",,**,"Requests people to avoid spreading rumours or ""irresponsible statements"" regarding the economy.
 
    ",https://www.dawn.com/news/1721879/pakistan-will-not-default-will-make-bond-payments-on-time-dar,https://i.dawn.com/medium/2022/11/19164841e5851b5.png?r=164917
2,PPP’s Chandio brothers indicted in Mehar triple murder case,,**,"Court summons witnesses in next hearing on December 3 to proceed with case against the accused MPAs.
 
    ",https://www.dawn.com/news/1721876/ppps-chandio-brothers-indicted-in-mehar-triple-murder-case,https://i.dawn.com/medium/2022/11/191623231363b76.jpg?r=162440
3,"In report to IHC, capital police highlight risk of violence during PTI’s long march",,**,"Report suggests ""financial/bank guarantees"" be sought from PTI for clearance of protest venue, environment protection, rectification of possible damage.
 
    ",https://www.dawn.com/news/1721867/in-report-to-ihc-capital-police-highlight-risk-of-violence-during-ptis-long-march,https://i.dawn.com/medium/2022/11/19150536497241b.jpg?r=150631
4,Karachi police disperse protesting Islamia College students with tear gas,,**,"Islami Jamiat Talaba claims five students were detained while police deny allegations.
 
    ",https://www.dawn.com/news/1721874/karachi-police-disperse-protesting-islamia-college-students-with-tear-gas,https://i.dawn.com/medium/2022/11/1915395818a6daf.png?r=160037
5,Police in India-occupied Kashmir raid journalists’ houses over online threats,,**,"Police blames Lashkar-e-Taiba for threats to employees of three Kashmir-based, Delhi-backed and Indian army-sponsored media houses.
 
    ",https://www.dawn.com/news/1721865/police-in-india-occupied-kashmir-raid-journalists-houses-over-online-threats,https://i.dawn.com/medium/2022/11/19143201732daa8.jpg?r=144023
6,Indian board sacks selection panel after humiliating T20 World Cup exit,,**,"Invites applications for five positions of national selectors.
 
    ",https://www.dawn.com/news/1721871/indian-board-sacks-selection-panel-after-humiliating-t20-world-cup-exit,https://i.dawn.com/medium/2022/11/19151938e361ce1.jpg?r=152145
7,Lahore accountability court grants Buzdar interim bail in NAB case,,**,"Assets-beyond-means case against ex-CM; bail granted till Nov 30 subject to furnishing surety bonds of Rs500,000.
 
    ",https://www.dawn.com/news/1721873/lahore-accountability-court-grants-buzdar-interim-bail-in-nab-case,https://i.dawn.com/medium/2022/11/19153748588c186.jpg?r=154619
8,North Korea’s Kim reveals daughter at ballistic missile test,,**,"Ju Ae, estimated to be about 12-13 years old, watched the test alongside her mother Ri Sol Ju and father Kim.
 
    ",https://www.dawn.com/news/1721854/north-koreas-kim-reveals-daughter-at-ballistic-missile-test,https://i.dawn.com/medium/2022/11/19120845626c1c7.jpg?r=124034
9,Iran criticises world ‘silence’ over protest violence,,**,"“It is the duty of the international community to condemn the terrorist acts in Iran and not to provide a safe haven for extremists,” says govt.
 
    ",https://www.dawn.com/news/1721868/iran-criticises-world-silence-over-protest-violence,https://i.dawn.com/medium/2022/11/19145942db31b02.jpg?r=150301
10,,,**,,https://www.youtube.com/watch?v=83kc3CV_zSw,https://i.ytimg.com/vi/83kc3CV_zSw/mqdefault.jpg
11,,,**,,https://www.youtube.com/watch?v=zGNg5ScS-DI,https://i.ytimg.com/vi/zGNg5ScS-DI/mqdefault.jpg
12,,,**,,https://www.youtube.com/watch?v=N-VIXslyrHI,https://i.ytimg.com/vi/N-VIXslyrHI/mqdefault.jpg
13,,,**,,https://www.youtube.com/watch?v=f6ymKBKl-LU,https://i.ytimg.com/vi/f6ymKBKl-LU/mqdefault.jpg
14,,,**,,https://www.youtube.com/watch?v=OUi01SBESGQ,https://i.ytimg.com/vi/OUi01SBESGQ/mqdefault.jpg
15,"

Faisal Javed thanks long march participants
",,**,,https://www.dawn.com/live/pakistan#1721895, 
16,"

Bilawal advises President Alvi to not ‘create disorder’ regarding COAS appointment
",,**,,https://www.dawn.com/live/pakistan#1721894, 
17,"

Bilawal claims Imran is trying to 'sabotage' COAS appointment

",,**,,https://www.dawn.com/live/pakistan#1721893, 
18,,,**,,https://www.dawn.com/news/1721835/editorial-imfs-refusal-to-give-pakistan-any-leeway-underscores-lenders-lack-of-confidence-in-our-commitments,https://i.dawn.com/medium/2022/11/6378505abe16b.jpg
19,,,**,,https://www.dawn.com/news/1721646/joyland-and-how-our-art-and-stories-are-always-an-integral-telling-of-our-identities,https://i.dawn.com/medium/2022/11/18162121c9d41a8.gif?r=162204
20,,,**,,https://www.dawn.com/news/1721837/pakistan-is-one-of-the-worst-governed-countries-in-the-world-its-time-we-wake-up-to-this-reality,https://i.dawn.com/medium/2022/11/637852b150ebe.jpg
21,,,**,,https://www.dawn.com/news/1721777/is-it-ptis-turn-to-see-electables-fly-out-of-its-nest,https://i.dawn.com/thumbnail/2022/11/63783ec868db8.jpg
22,,,**,,https://www.dawn.com/news/1721840/all-political-parties-need-to-agree-on-red-lines-in-their-ties-with-establishment-rather-than-becoming-tools,https://i.dawn.com/thumbnail/2022/11/6378569ce7efb.jpg
23,,,**,,https://www.dawn.com/news/1721878/comedian-tariq-teddy-passes-away-at-46,https://i.dawn.com/thumbnail/2022/11/1916411606339c2.png?r=164136
24,,,**,,https://www.dawn.com/news/1721866/jaya-bachchan-doesnt-think-women-should-wear-pants-heres-why-thats-a-problem,https://i.dawn.com/thumbnail/2022/11/1914494787d2bd0.png?r=144955
25,,,**,,https://www.dawn.com/news/1721847/street-artist-banksy-invites-shoplifters-to-help-themselves-to-guess-clothing-after-they-did-the-same-to-his-artwork,https://i.dawn.com/thumbnail/2022/11/191117525840cda.png?r=111811
26,,,**,,https://www.dawn.com/news/1721612/editorial-pakistan-is-at-a-point-where-militancy-could-once-again-spiral-out-of-control-if-not-tackled-immediately,https://i.dawn.com/thumbnail/2022/11/6376fb440f07f.jpg
27,,,**,,https://www.dawn.com/news/1721613/where-do-u-turns-leave-imrans-supporters,https://i.dawn.com/thumbnail/2022/11/6376fd4d64334.jpg
28,,,**,,https://www.dawn.com/news/1721614/if-all-institutions-in-pakistan-indulge-in-political-games-then-whos-left-doing-their-portion-of-the-work,https://i.dawn.com/thumbnail/2022/11/6376ffeab0f96.jpg
29,,,**,"Let's find out what Delma is up to this week.
 
    ",https://www.dawn.com/news/1721084/the-sting-part-3,https://i.dawn.com/medium/2022/11/637348dce2cc6.png
30,India successfully launches first privately made rocket,,**,"The rocket has the capability of reaching Mach 5 — five times the speed of sound — and carrying a payload of 83kg to an altitude of 100km.
 
    ",https://www.dawn.com/news/1721630/india-successfully-launches-first-privately-made-rocket,https://i.dawn.com/medium/2022/11/181246137a5d0f2.jpg?r=124654
31,"After Elon Musk's ultimatum, Twitter employees start exiting
",,**,"Musk says he is not worried about resignations as “the best people are staying.”
 
    ",https://www.dawn.com/news/1721618/after-elon-musks-ultimatum-twitter-employees-start-exiting,https://i.dawn.com/medium/2022/11/1809552021f062d.jpg?r=095846
32,"LKY on not crumbling
",,**,"Imran's supporters are left in the lurch, scrambling for reasons to support him.
 
    ",https://www.dawn.com/news/1721598/lky-on-not-crumbling,https://i.dawn.com/medium/2022/11/6376f2b0b43de.jpg
33,"Rising graph of militancy
",,**,"The state must acknowledge the gravity of the law and order problem and set about addressing it.
 
    ",https://www.dawn.com/news/1721594/rising-graph-of-militancy, 
34,Indian court ‘permanently restrains’ Amazon retailers from selling Pakistan-made Rooh Afza in trademark case,,**,"The case was filed by its Indian manufacturer Hamdard National Foundation, which stated bottles from Pakistan did not comply with Indian laws.
 
    ",https://www.dawn.com/news/1721459/indian-court-permanently-restrains-amazon-retailers-from-selling-pakistan-made-rooh-afza-in-trademark-case,https://i.dawn.com/medium/2022/11/17151958fc1bfab.jpg?r=152739
35,,Miftah Ismail,**,"All countries have problems but successful nations resolve them.
 
    ",https://www.dawn.com/news/1721825/failure-of-governance,https://i.dawn.com/thumbnail/2022/11/63784c0b80527.jpg
36,,Usama Khilji,**,,https://www.dawn.com/news/1721824/rolling-back-democracy,https://i.dawn.com/thumbnail/2022/11/63784b14b3bd2.jpg
37,,Abrahim Shah,**,,https://www.dawn.com/news/1721823/ascendant-markets,https://i.dawn.com/thumbnail/2022/11/63784a95eac30.jpg
38,,Tahera Hasan,**,,https://www.dawn.com/news/1721819/unsung-heroes,https://i.dawn.com/thumbnail/2022/11/6378464970be5.jpg
39,,Ashraf Jehangir Qazi,**,,https://www.dawn.com/news/1721598/lky-on-not-crumbling,https://i.dawn.com/thumbnail/2022/11/6376f2b0b43de.jpg
40,"IMF delay
",,**,"The implementation of sound economic policies and reforms is the need of the hour.
 
    ",https://www.dawn.com/news/1721818/imf-delay, 
41,"Tracing the missing
",,**,"A RENEWED push by the Islamabad High Court to trace missing persons has revived hope that these people might be...
 
    ",https://www.dawn.com/news/1721817/tracing-the-missing, 
42,"Joyless Punjab
",,**,"THE elation was short-lived. When the federal government finally acquiesced to public demands to allow Joyland to be...
 
    ",https://www.dawn.com/news/1721816/joyless-punjab, 
43,,,**,,https://www.dawn.com/news/1721812/cartoon-19-november-2022,https://i.dawn.com/medium/2022/11/6378439fba504.jpg
44,"LKY on not crumbling
",,**,"Imran's supporters are left in the lurch, scrambling for reasons to support him.
 
    ",https://www.dawn.com/news/1721598/lky-on-not-crumbling, 
45,"A method to political madness
",,**,"If everyone indulges in political games, then who’s left doing their portion of the work?
 
    ",https://www.dawn.com/news/1721597/a-method-to-political-madness, 
46,"Burnt bridges
",,**,"A prime minister willy-nilly praising the Taliban and making up cipher stories can’t be taken seriously internationally.
 
    ",https://www.dawn.com/news/1721416/burnt-bridges, 
47,"Society stratified
",,**,"Education is no longer the equaliser it was meant to be.
 
    ",https://www.dawn.com/news/1721596/society-stratified, 
48,"Reducing climate costs
",,**,"It is estimated that these floods have increased the incidence of poverty by more than 3.7pc.
 
    ",https://www.dawn.com/news/1721419/reducing-climate-costs, 
49,,,**,,https://www.dawn.com/news/1721871/indian-board-sacks-selection-panel-after-humiliating-t20-world-cup-exit,https://i.dawn.com/thumbnail/2022/11/19151938e361ce1.jpg?r=152145
50,,,**,,https://www.dawn.com/news/1721744/defending-the-world-cup-france-look-to-evolve-in-serene-fashion,https://i.dawn.com/thumbnail/2022/11/63786aaf1f29b.jpg
51,,,**,,https://www.dawn.com/news/1721743/world-cup-poorer-without-mane-says-van-dijk,https://i.dawn.com/thumbnail/2022/11/6377f9d2230b3.jpg
52,,,**,,https://www.dawn.com/news/1721735/djokovic-downs-medvedev-in-thriller,https://i.dawn.com/thumbnail/2022/11/6377f980a7be9.jpg
53,,,**,,https://www.dawn.com/news/1721741/opening-new-zealand-india-twenty20-washed-out,https://i.dawn.com/thumbnail/2022/11/63786c6000f45.jpg
54,,,**,,https://www.dawn.com/news/1721740/fifa-tech-promises-faster-more-accurate-offside-decisions-in-qatar,https://i.dawn.com/thumbnail/2022/11/6377f9bcd1418.jpg
55,,,**,,https://www.dawn.com/news/1721879/pakistan-will-not-default-will-make-bond-payments-on-time-dar,https://i.dawn.com/thumbnail/2022/11/19164841e5851b5.png?r=164917
56,,,**,,https://www.dawn.com/news/1721778/investors-withdraw-660m-from-naya-pakistan-certificates-in-six-months,https://i.dawn.com/thumbnail/2022/11/63785f9c05f53.jpg
57,,,**,,https://www.dawn.com/news/1721846/twitter-fate-in-doubt-as-employees-defy-elon-musk-ultimatum,https://i.dawn.com/thumbnail/2022/11/19110314f52bf5e.png?r=110345
58,,,**,,https://www.dawn.com/news/1721857/musk-asks-twitter-users-if-trump-should-be-reinstated,https://i.dawn.com/thumbnail/2022/11/191210449ddac81.jpg?r=121549
59,,,**,,https://www.dawn.com/news/1721774/discos-demand-25-paisa-hike-ke-seeks-rs19-cut-for-october,https://i.dawn.com/thumbnail/2022/11/63785c4a7f6a2.jpg
60,,,**,,https://www.dawn.com/news/1721773/imc-raises-toyota-vehicle-prices,https://i.dawn.com/thumbnail/2022/11/190943343e224aa.jpg?r=094441
61,,,**,,https://www.dawn.com/news/1721868/iran-criticises-world-silence-over-protest-violence,https://i.dawn.com/thumbnail/2022/11/19145942db31b02.jpg?r=150301
62,,,**,,https://www.dawn.com/news/1721863/uk-says-iran-spreading-bloodshed-from-mideast-to-kyiv,https://i.dawn.com/thumbnail/2022/11/191346464420ed0.jpg?r=134725
63,,,**,,https://www.dawn.com/news/1721854/north-koreas-kim-reveals-daughter-at-ballistic-missile-test,https://i.dawn.com/thumbnail/2022/11/19120845626c1c7.jpg?r=124034
64,,,**,,https://www.dawn.com/news/1721850/harris-meets-xi-briefly-calls-for-us-china-communication,https://i.dawn.com/thumbnail/2022/11/1911464250d51eb.jpg?r=115403
65,,,**,,https://www.dawn.com/news/1721857/musk-asks-twitter-users-if-trump-should-be-reinstated,https://i.dawn.com/thumbnail/2022/11/191210449ddac81.jpg?r=121549
66,,,**,,https://www.dawn.com/news/1721755/angry-funerals-spark-fresh-protests-in-iran,https://i.dawn.com/thumbnail/2022/11/6378626688a82.jpg
67,,Imran Gabol,**,,https://www.dawn.com/news/1721878/comedian-tariq-teddy-passes-away-at-46,https://i.dawn.com/thumbnail/2022/11/1916411606339c2.png?r=164136
68,,Images Staff,**,"The veteran actor said pants give women ""man power"" and they need to embrace ""woman power"" instead.
 
    ",https://www.dawn.com/news/1721866/jaya-bachchan-doesnt-think-women-should-wear-pants-heres-why-thats-a-problem,https://i.dawn.com/medium/2022/11/1914494787d2bd0.png?r=144955
69,,Reuters,**,"The English activist said his designs were used by the fashion retailer without his permission.
 
    ",https://www.dawn.com/news/1721847/street-artist-banksy-invites-shoplifters-to-help-themselves-to-guess-clothing-after-they-did-the-same-to-his-artwork,https://i.dawn.com/medium/2022/11/191117525840cda.png?r=111811
70,,Jaffer Abbas Mirza,**,,https://www.dawn.com/news/1721264/are-the-protests-in-iran-fuelled-by-a-western-conspiracy,https://i.dawn.com/thumbnail/2022/11/16231315bfd31f1.jpg?r=002342
71,,Uzair M. Younus,**,"It won’t be too long before Pakistanis wake up and realise that they have missed another critical moment to create opportunity for the many, not just the few.
 
    ",https://www.dawn.com/news/1720905/terrorism-and-toys-a-tale-of-two-national-action-plans,https://i.dawn.com/medium/2022/11/151307157922b24.png?r=130935
72,,Hassan Kamal Wattoo,**,"As far as the authorities are concerned, we are a nation of 220 million delicate little flowers, our sensitivities constantly under threat by the weakest amongst us.
 
    ",https://www.dawn.com/news/1721089/thieves-of-joyland,https://i.dawn.com/medium/2022/11/15144744afa514e.jpg?r=151351
73,,AFP,**,,https://www.dawn.com/news/1721857/musk-asks-twitter-users-if-trump-should-be-reinstated,https://i.dawn.com/thumbnail/2022/11/191210449ddac81.jpg?r=121549
74,,AFP,**,"Entry to Twitter's offices temporarily closed until Monday; Musk asks users to vote “yes” or “no” on whether to reinstate Trump.
 
    ",https://www.dawn.com/news/1721846/twitter-fate-in-doubt-as-employees-defy-elon-musk-ultimatum,https://i.dawn.com/medium/2022/11/19110314f52bf5e.png?r=110345
75,,Monitoring Desk,**,"Meta fires or disciplines more than two dozen employees who were accused of improperly taking over user accounts.
 
    ",https://www.dawn.com/news/1721761/meta-confirms-axing-dozens-for-taking-over-facebook-accounts,https://i.dawn.com/medium/2022/11/6378606c116a4.jpg
76,,Tanzeel Hassan,**,,https://www.dawn.com/news/1720657/getting-women-their-due,https://i.dawn.com/thumbnail/2022/11/63705a248d5f0.jpg
77,,Rabeea Saleem,**,"The psychological effects of the devastation caused by the floods are more drastic among children, women and the elderly...
 
    ",https://www.dawn.com/news/1720652/health-the-long-journey-to-recovery,https://i.dawn.com/medium/2022/11/637057189ddac.jpg
78,,Jo Adetunji,**,"The billionaire’s hostile takeover of the social media platform has left its users uneasy about its future. Are they right to be
 
    ",https://www.dawn.com/news/1720645/technology-after-elon-musk-what-next-for-twitter,https://i.dawn.com/medium/2022/11/6370561e59416.jpg
79,,Maliha Rehman,**,,https://www.dawn.com/news/1720677/the-icon-interview-the-joy-of-saim,https://i.dawn.com/thumbnail/2022/11/6370798702186.jpg
80,,Band Baji,**,"Singer, songwriter and producer Rozeo sings about falling for the ‘bad’ girl in Tez
 
    ",https://www.dawn.com/news/1720676/soundcheck-fast-love,https://i.dawn.com/medium/2022/11/637077ed19985.jpg
81,,PYT,**,"There’s no stopping The Legend of Maula Jatt. Screened all across the world, not to mention that it’s been watched and praised by
 
    ",https://www.dawn.com/news/1720675/the-grapevine,https://i.dawn.com/medium/2022/11/637073879c337.jpg
82,,,**,,https://www.dawn.com/news/1720864/agricultures-declining-contribution-to-smog,https://i.dawn.com/thumbnail/2022/11/6371c5d2ed230.jpg
83,"Debt is costlier than we think
",,**,,https://www.dawn.com/news/1720860/debt-is-costlier-than-we-think, 
84,"Filling the missing space
",,**,,https://www.dawn.com/news/1720863/filling-the-missing-space, 
85,,,**,,https://www.dawn.com/news/1493036/the-railway-lines-in-pakistan-and-the-stories-they-tell,https://i.dawn.com/thumbnail/2019/07/5d2454a3d7d5e.jpg
86,"The pleasures and perils of sheltering animals
",,**,,https://www.dawn.com/news/1491958/the-pleasures-and-perils-of-sheltering-animals, 
87,"What lies behind the spread of HIV in Larkana
",,**,,https://www.dawn.com/news/1491613/what-lies-behind-the-spread-of-hiv-in-larkana, 
88,,,**,,https://www.dawn.com/news/1721449/an-advocate-of-many-missions-afia-salam-in-profile,https://i.dawn.com/thumbnail/2022/11/6375e77baa8e1.jpg
89,"How sustainable finance can help Pakistan’s zero-emission goals
",,**,,https://www.dawn.com/news/1721253/how-sustainable-finance-can-help-pakistans-zero-emission-goals, 
90,‘Pakistan is a very important market for TikTok’,,**,,https://www.dawn.com/news/1721073/pakistan-is-a-very-important-market-for-tiktok, 
91,"EPICURIOUS: THE GINGERBREAD VILLAGE
",,**,,https://www.dawn.com/news/1660293/epicurious-the-gingerbread-village, 
92,"GOLF: PAKISTAN’S SOARING EAGLES
",,**,,https://www.dawn.com/news/1660589/golf-pakistans-soaring-eagles, 
93,"SOCIETY: INSPIRING INCLUSIVITY, ONE POST AT A TIME
",,**,,https://www.dawn.com/news/1660591/society-inspiring-inclusivity-one-post-at-a-time, 
94,"FIFA World Cup Qatar 2022: The fun begins
",,**,,https://www.dawn.com/news/1721861/fifa-world-cup-qatar-2022-the-fun-begins, 
95,"Mailbox
",,**,,https://www.dawn.com/news/1721860/mailbox, 
96,"Poet's Corner
",,**,,https://www.dawn.com/news/1721858/poets-corner, 
97,"FICTION: HISTORY, CRIME AND POWER
",,**,,https://www.dawn.com/news/1720668/fiction-history-crime-and-power, 
98,"FICTION: THE AMBIGUITY OF NORMALITY
",,**,,https://www.dawn.com/news/1720667/fiction-the-ambiguity-of-normality, 
99,"POETRY: POETRY AS POLITICS
",,**,,https://www.dawn.com/news/1720664/poetry-poetry-as-politics, 
100,"Politicking surges days before new COAS is named
",,**,,https://www.dawn.com/news/1721779/politicking-surges-days-before-new-coas-is-named, 
101,"Lawyer’s quip makes CJP wonder if Imran ‘wants to breach law’
",,**,,https://www.dawn.com/news/1721776/lawyers-quip-makes-cjp-wonder-if-imran-wants-to-breach-law, 
102,"Court asks ECP to set date for Karachi, Hyderabad LG polls
",,**,,https://www.dawn.com/news/1721768/court-asks-ecp-to-set-date-for-karachi-hyderabad-lg-polls, 
103,"UN climate summit drags on amid funding deadlock
",,**,,https://www.dawn.com/news/1721767/un-climate-summit-drags-on-amid-funding-deadlock, 
104,"‘Peaceful or destructive’, change to come at any cost: PTI chief
",,**,,https://www.dawn.com/news/1721766/peaceful-or-destructive-change-to-come-at-any-cost-pti-chief, 
105,"ANALYSIS: Is it PTI’s turn to see electables ‘fly out’ of its nest?
",,**,,https://www.dawn.com/news/1721751/analysis-is-it-ptis-turn-to-see-electables-fly-out-of-its-nest, 
106,"Single curriculum for secondary classes from next year
",,**,,https://www.dawn.com/news/1721750/single-curriculum-for-secondary-classes-from-next-year, 
107,"Mourners flood streets at funeral of 21 Gaza fire victims
",,**,,https://www.dawn.com/news/1721749/mourners-flood-streets-at-funeral-of-21-gaza-fire-victims, 
108,"Crypto being used to fund terror: Modi
",,**,,https://www.dawn.com/news/1721748/crypto-being-used-to-fund-terror-modi, 
109,"Immunity for MBS in Khashoggi case angers rights groups
",,**,,https://www.dawn.com/news/1721747/immunity-for-mbs-in-khashoggi-case-angers-rights-groups, 
110,"Finance minister briefs ‘straight-faced’ President Alvi on govt economic plan
",,**,,https://www.dawn.com/news/1721815/finance-minister-briefs-straight-faced-president-alvi-on-govt-economic-plan, 
111,"SC orders heavy bikes off motorways
",,**,,https://www.dawn.com/news/1721813/sc-orders-heavy-bikes-off-motorways, 
112,"Sugar millers threaten to delay crushing if ‘partial’ export not permitted
",,**,,https://www.dawn.com/news/1721811/sugar-millers-threaten-to-delay-crushing-if-partial-export-not-permitted, 
113,"Personnel called for long march security in Rawalpindi decry ‘bug-infested’ food
",,**,,https://www.dawn.com/news/1721810/personnel-called-for-long-march-security-in-rawalpindi-decry-bug-infested-food, 
114,"Family blames govt as victims of deadly van crash on Indus Highway laid to rest
",,**,,https://www.dawn.com/news/1721809/family-blames-govt-as-victims-of-deadly-van-crash-on-indus-highway-laid-to-rest, 
115,"Over 40,000 visit four-day mega defence show in city
",,**,,https://www.dawn.com/news/1721723/over-40000-visit-four-day-mega-defence-show-in-city, 
116,"Art in brackets
",,**,,https://www.dawn.com/news/1721722/art-in-brackets, 
117,"First-of-its-kind telemedicine drone kit launched in Sindh
",,**,,https://www.dawn.com/news/1721721/first-of-its-kind-telemedicine-drone-kit-launched-in-sindh, 
118,"Sharjeel asks TransKarachi to expedite work on Red Line
",,**,,https://www.dawn.com/news/1721728/sharjeel-asks-transkarachi-to-expedite-work-on-red-line, 
119,"Opposition, ruling parties in Sindh hail verdict on LG polls, but doubts remain
",,**,,https://www.dawn.com/news/1721727/opposition-ruling-parties-in-sindh-hail-verdict-on-lg-polls-but-doubts-remain, 
120,"JIT inspects  Wazirabad attack scene again
",,**,,https://www.dawn.com/news/1721808/jit-inspects-wazirabad-attack-scene-again, 
121,"Lahore infested with land grab, other crimes
",,**,,https://www.dawn.com/news/1721807/lahore-infested-with-land-grab-other-crimes, 
122,"Ganga Ram’s descendant arrives in Lahore today
",,**,,https://www.dawn.com/news/1721806/ganga-rams-descendant-arrives-in-lahore-today, 
123,"LHC directs NTDC to hear Turkish company grievances
",,**,,https://www.dawn.com/news/1721805/lhc-directs-ntdc-to-hear-turkish-company-grievances, 
124,"Rs1.3bn spent on roads leading to Tableeghi congregation venue
",,**,,https://www.dawn.com/news/1721804/rs13bn-spent-on-roads-leading-to-tableeghi-congregation-venue, 
125,"Govt to enact law to give legal cover to street vendors
",,**,,https://www.dawn.com/news/1721699/govt-to-enact-law-to-give-legal-cover-to-street-vendors, 
126,"Opposing sides disrupt public hearing on Bhara Kahu project
",,**,,https://www.dawn.com/news/1721698/opposing-sides-disrupt-public-hearing-on-bhara-kahu-project, 
127,"Control centre set up in Rawalpindi to monitor long march
",,**,,https://www.dawn.com/news/1721697/control-centre-set-up-in-rawalpindi-to-monitor-long-march, 
128,"NDMA issues guidelines for tourists during winter
",,**,,https://www.dawn.com/news/1721696/ndma-issues-guidelines-for-tourists-during-winter, 
129,"Rawalpindi residents brace for more road blockades, mobility restrictions
",,**,,https://www.dawn.com/news/1721695/rawalpindi-residents-brace-for-more-road-blockades-mobility-restrictions, 
130,"Peshawar admin’s plan to demolish major mosque stirs controversy
",,**,,https://www.dawn.com/news/1721713/peshawar-admins-plan-to-demolish-major-mosque-stirs-controversy, 
131,"Two militants, passer-by killed in Waziristan blast
",,**,,https://www.dawn.com/news/1721712/two-militants-passer-by-killed-in-waziristan-blast, 
132,"Man gets seven years in jail for drug pushing
",,**,,https://www.dawn.com/news/1721711/man-gets-seven-years-in-jail-for-drug-pushing, 
133,"People demand action against terrorists at Lakki peace rally
",,**,,https://www.dawn.com/news/1721710/people-demand-action-against-terrorists-at-lakki-peace-rally, 
134,"PHC grants bail to juvenile over honour killings
",,**,,https://www.dawn.com/news/1721709/phc-grants-bail-to-juvenile-over-honour-killings, 
135,"SECP bars K-Electric from changing board composition
",,**,,https://www.dawn.com/news/1721772/secp-bars-k-electric-from-changing-board-composition, 
136,"PSX falls in unison with global equities
",,**,,https://www.dawn.com/news/1721769/psx-falls-in-unison-with-global-equities, 
137,"Investors withdraw $660m from Naya Pakistan Certificates in six months
",,**,,https://www.dawn.com/news/1721778/investors-withdraw-660m-from-naya-pakistan-certificates-in-six-months, 
138,"ECC allows TCP to import urea from China and Azerbaijan
",,**,,https://www.dawn.com/news/1721775/ecc-allows-tcp-to-import-urea-from-china-and-azerbaijan, 
139,"Discos demand 25-paisa hike, KE seeks Rs1.9 cut for October
",,**,,https://www.dawn.com/news/1721774/discos-demand-25-paisa-hike-ke-seeks-rs19-cut-for-october, 
140,"Defending the World Cup, France look ‘to evolve in serene fashion’
",,**,,https://www.dawn.com/news/1721744/defending-the-world-cup-france-look-to-evolve-in-serene-fashion, 
141,"World Cup poorer without Mane, says Van Dijk
",,**,,https://www.dawn.com/news/1721743/world-cup-poorer-without-mane-says-van-dijk, 
142,"FIFA tech promises faster, more accurate offside decisions in Qatar
",,**,,https://www.dawn.com/news/1721740/fifa-tech-promises-faster-more-accurate-offside-decisions-in-qatar, 
143,"Arafat, Saad help Pakistan U-19 draw series against BD
",,**,,https://www.dawn.com/news/1721738/arafat-saad-help-pakistan-u-19-draw-series-against-bd, 
144,"Djokovic downs Medvedev in thriller
",,**,,https://www.dawn.com/news/1721735/djokovic-downs-medvedev-in-thriller, 
145,"IMF delay
",,**,,https://www.dawn.com/news/1721818/imf-delay, 
146,"Tracing the missing
",,**,,https://www.dawn.com/news/1721817/tracing-the-missing, 
147,"Joyless Punjab
",,**,,https://www.dawn.com/news/1721816/joyless-punjab, 
148,"Rising graph of militancy
",,**,,https://www.dawn.com/news/1721594/rising-graph-of-militancy, 
149,"Growing circular debt
",,**,,https://www.dawn.com/news/1721593/growing-circular-debt, 
150,"Failure of governance
",,**,,https://www.dawn.com/news/1721825/failure-of-governance, 
151,"Rolling back democracy
",,**,,https://www.dawn.com/news/1721824/rolling-back-democracy, 
152,"Ascendant markets
",,**,,https://www.dawn.com/news/1721823/ascendant-markets, 
153,"Unsung heroes
",,**,,https://www.dawn.com/news/1721819/unsung-heroes, 
154,"LKY on not crumbling
",,**,,https://www.dawn.com/news/1721598/lky-on-not-crumbling, 
155,"US is ‘here to stay’, VP assures Asian leaders at APEC summit
",,**,,https://www.dawn.com/news/1721765/us-is-here-to-stay-vp-assures-asian-leaders-at-apec-summit, 
156,"Squalls dump unusual amount of snow on New York state
",,**,,https://www.dawn.com/news/1721758/squalls-dump-unusual-amount-of-snow-on-new-york-state, 
157,"Argentine writer releases book of World Cup tales
",,**,,https://www.dawn.com/news/1721764/argentine-writer-releases-book-of-world-cup-tales, 
158,"Musk’s ultimatum sparks exodus at Twitter
",,**,,https://www.dawn.com/news/1721763/musks-ultimatum-sparks-exodus-at-twitter, 
159,"Azerbaijan to open embassy in Israel
",,**,,https://www.dawn.com/news/1721762/azerbaijan-to-open-embassy-in-israel, 
160,"EPICURIOUS: THE GINGERBREAD VILLAGE
",,**,,https://www.dawn.com/news/1660293/epicurious-the-gingerbread-village, 
161,"GOLF: PAKISTAN’S SOARING EAGLES
",,**,,https://www.dawn.com/news/1660589/golf-pakistans-soaring-eagles, 
162,"SOCIETY: INSPIRING INCLUSIVITY, ONE POST AT A TIME
",,**,,https://www.dawn.com/news/1660591/society-inspiring-inclusivity-one-post-at-a-time, 
163,"A BATTLE OF THE SEXES AMID SCALPELS AND SUTURES
",,**,,https://www.dawn.com/news/1660694/a-battle-of-the-sexes-amid-scalpels-and-sutures, 
164,"HEALTH: VOICES FROM THE FRONT LINES
",,**,,https://www.dawn.com/news/1564771/health-voices-from-the-front-lines, 
165,"FICTION: HISTORY, CRIME AND POWER
",,**,,https://www.dawn.com/news/1720668/fiction-history-crime-and-power, 
166,"FICTION: THE AMBIGUITY OF NORMALITY
",,**,,https://www.dawn.com/news/1720667/fiction-the-ambiguity-of-normality, 
167,"POETRY: POETRY AS POLITICS
",,**,,https://www.dawn.com/news/1720664/poetry-poetry-as-politics, 
168,"COLUMN: BEDIL AND GHALIB
",,**,,https://www.dawn.com/news/1720663/column-bedil-and-ghalib, 
169,"LITBUZZ
",,**,,https://www.dawn.com/news/1720659/litbuzz, 
170,"Agriculture’s declining contribution to smog
",,**,,https://www.dawn.com/news/1720864/agricultures-declining-contribution-to-smog, 
171,"Debt is costlier than we think
",,**,,https://www.dawn.com/news/1720860/debt-is-costlier-than-we-think, 
172,"Filling the missing space
",,**,,https://www.dawn.com/news/1720863/filling-the-missing-space, 
173,"The transformational power of mobile broadband
",,**,,https://www.dawn.com/news/1720858/the-transformational-power-of-mobile-broadband, 
174,"Economic reforms: if not now, then when?
",,**,,https://www.dawn.com/news/1720857/economic-reforms-if-not-now-then-when, 
175,"FIFA World Cup Qatar 2022: The fun begins
",,**,,https://www.dawn.com/news/1721861/fifa-world-cup-qatar-2022-the-fun-begins, 
176,"Mailbox
",,**,,https://www.dawn.com/news/1721860/mailbox, 
177,"Poet's Corner
",,**,,https://www.dawn.com/news/1721858/poets-corner, 
178,"Website review: All the related words
",,**,,https://www.dawn.com/news/1721856/website-review-all-the-related-words, 
179,"Cook-it-yourself: Malt caffè mocha
",,**,,https://www.dawn.com/news/1721855/cook-it-yourself-malt-caffe-mocha, 
