,Name of Movie,Year of Release,Genre,Rating
0,The Shawshank Redemption,1994,Drama            ,9.3
1,The Godfather,1972,"Crime, Drama            ",9.2
2,Kantara,2022,"Action, Adventure, Drama            ",9.0
3,The Dark Knight,2008,"Action, Crime, Drama            ",9.0
4,The Lord of the Rings: The Return of the King,2003,"Action, Adventure, Drama            ",9.0
5,Schindler's List,1993,"Biography, Drama, History            ",9.0
6,The Godfather Part II,1974,"Crime, Drama            ",9.0
7,12 Angry Men,1957,"Crime, Drama            ",9.0
8,777 Charlie,2022,"Adventure, Comedy, Drama            ",8.9
9,Jai Bhim,2021,"Crime, Drama, Mystery            ",8.9
10,Pulp Fiction,1994,"Crime, Drama            ",8.9
11,Rocketry: The Nambi Effect,2022,"Biography, Drama            ",8.8
12,Inception,2010,"Action, Adventure, Sci-Fi            ",8.8
13,The Lord of the Rings: The Two Towers,2002,"Action, Adventure, Drama            ",8.8
14,Fight Club,1999,Drama            ,8.8
15,The Lord of the Rings: The Fellowship of the Ring,2001,"Action, Adventure, Drama            ",8.8
16,Forrest Gump,1994,"Drama, Romance            ",8.8
17,"Il buono, il brutto, il cattivo",1966,"Adventure, Western            ",8.8
18,Soorarai Pottru,2020,Drama            ,8.7
19,The Matrix,1999,"Action, Sci-Fi            ",8.7
20,Goodfellas,1990,"Biography, Crime, Drama            ",8.7
21,The Empire Strikes Back,1980,"Action, Adventure, Fantasy            ",8.7
22,One Flew Over the Cuckoo's Nest,1975,Drama            ,8.7
23,Interstellar,2014,"Adventure, Drama, Sci-Fi            ",8.6
24,Cidade de Deus,2002,"Crime, Drama            ",8.6
25,Sen to Chihiro no kamikakushi,2001,"Animation, Adventure, Family            ",8.6
26,Saving Private Ryan,1998,"Drama, War            ",8.6
27,The Green Mile,1999,"Crime, Drama, Fantasy            ",8.6
28,La vita è bella,1997,"Comedy, Drama, Romance            ",8.6
29,Se7en,1995,"Crime, Drama, Mystery            ",8.6
30,Terminator 2: Judgment Day,1991,"Action, Sci-Fi            ",8.6
31,The Silence of the Lambs,1991,"Crime, Drama, Thriller            ",8.6
32,Star Wars,1977,"Action, Adventure, Fantasy            ",8.6
33,Seppuku,1962,"Action, Drama, Mystery            ",8.6
34,Shichinin no samurai,1954,"Action, Drama            ",8.6
35,It's a Wonderful Life,1946,"Drama, Family, Fantasy            ",8.6
36,Kaithi,2019,"Action, Adventure, Crime            ",8.5
37,96,II 2018,"Drama, Romance            ",8.5
38,Gisaengchung,2019,"Drama, Thriller            ",8.5
39,Whiplash,2014,"Drama, Music            ",8.5
40,Sita Ramam,2022,"Action, Drama, Mystery            ",8.5
41,The Intouchables,2011,"Biography, Comedy, Drama            ",8.5
42,The Prestige,2006,"Drama, Mystery, Sci-Fi            ",8.5
43,The Departed,2006,"Crime, Drama, Thriller            ",8.5
44,The Pianist,2002,"Biography, Drama, Music            ",8.5
45,Gladiator,2000,"Action, Adventure, Drama            ",8.5
46,American History X,1998,"Crime, Drama            ",8.5
47,The Usual Suspects,1995,"Crime, Drama, Mystery            ",8.5
48,Léon,1994,"Action, Crime, Drama            ",8.5
49,The Lion King,1994,"Animation, Adventure, Drama            ",8.5
50,Nuovo Cinema Paradiso,1988,"Drama, Romance            ",8.5
51,Hotaru no haka,1988,"Animation, Drama, War            ",8.5
52,Back to the Future,1985,"Adventure, Comedy, Sci-Fi            ",8.5
53,Apocalypse Now,1979,"Drama, Mystery, War            ",8.5
54,Alien,1979,"Horror, Sci-Fi            ",8.5
55,Once Upon a Time in the West,1968,Western            ,8.5
56,Psycho,1960,"Horror, Mystery, Thriller            ",8.5
57,Rear Window,1954,"Mystery, Thriller            ",8.5
58,Casablanca,1942,"Drama, Romance, War            ",8.5
59,Modern Times,1936,"Comedy, Drama, Romance            ",8.5
60,City Lights,1931,"Comedy, Drama, Romance            ",8.5
61,Asuran,2019,"Action, Drama            ",8.4
62,Vikram,2022,"Action, Crime, Thriller            ",8.4
63,Hamilton,2020,"Biography, Drama, History            ",8.4
64,Capharnaüm,2018,Drama            ,8.4
65,Joker,I 2019,"Crime, Drama, Thriller            ",8.4
66,Kimi no Na wa.,2016,"Animation, Drama, Fantasy            ",8.4
67,Spider-Man: Into the Spider-Verse,2018,"Animation, Action, Adventure            ",8.4
68,Avengers: Endgame,2019,"Action, Adventure, Drama            ",8.4
69,Avengers: Infinity War,2018,"Action, Adventure, Sci-Fi            ",8.4
70,Coco,I 2017,"Animation, Adventure, Comedy            ",8.4
71,Django Unchained,2012,"Drama, Western            ",8.4
72,Top Gun: Maverick,2022,"Action, Drama            ",8.4
73,The Dark Knight Rises,2012,"Action, Drama            ",8.4
74,Drishyam 2,2021,"Crime, Drama, Thriller            ",8.4
75,3 Idiots,2009,"Comedy, Drama            ",8.4
76,K.G.F: Chapter 2,2022,"Action, Crime, Drama            ",8.4
77,Shershaah,2021,"Action, Biography, Drama            ",8.4
78,Sardar Udham,2021,"Biography, Crime, Drama            ",8.4
79,Taare Zameen Par,2007,"Drama, Family            ",8.4
80,WALL·E,2008,"Animation, Adventure, Family            ",8.4
81,The Lives of Others,2006,"Drama, Mystery, Thriller            ",8.4
82,Oldeuboi,2003,"Action, Drama, Mystery            ",8.4
83,Memento,2000,"Mystery, Thriller            ",8.4
84,American Beauty,1999,Drama            ,8.4
85,Mononoke-hime,1997,"Animation, Action, Adventure            ",8.4
86,Braveheart,1995,"Biography, Drama, History            ",8.4
87,Idi i smotri,1985,"Drama, Thriller, War            ",8.4
88,Aliens,1986,"Action, Adventure, Sci-Fi            ",8.4
89,Amadeus,1984,"Biography, Drama, Music            ",8.4
90,Raiders of the Lost Ark,1981,"Action, Adventure            ",8.4
91,Das Boot,1981,"Drama, War            ",8.4
92,The Shining,1980,"Drama, Horror            ",8.4
93,Tengoku to jigoku,1963,"Crime, Drama, Mystery            ",8.4
94,Dr. Strangelove or: How I Learned to Stop Worrying and Love the Bomb,1964,"Comedy, War            ",8.4
95,Witness for the Prosecution,1957,"Crime, Drama, Mystery            ",8.4
96,Paths of Glory,1957,"Drama, War            ",8.4
97,Sunset Blvd.,1950,"Drama, Film-Noir            ",8.4
98,The Great Dictator,1940,"Comedy, Drama, War            ",8.4
99,Ratsasan,2018,"Crime, Drama, Mystery            ",8.3
100,Ayla: The Daughter of War,2017,"Biography, Drama, History            ",8.3
101,Vikram Vedha,2017,"Action, Crime, Drama            ",8.3
102,Dangal,2016,"Action, Biography, Drama            ",8.3
103,Drishyam,2013,"Crime, Drama, Thriller            ",8.3
104,Jagten,2012,Drama            ,8.3
105,Jodaeiye Nader az Simin,2011,Drama            ,8.3
106,Incendies,2010,"Drama, Mystery            ",8.3
107,Spider-Man: No Way Home,2021,"Action, Adventure, Fantasy            ",8.3
108,Up,2009,"Animation, Adventure, Comedy            ",8.3
109,Toy Story 3,2010,"Animation, Adventure, Comedy            ",8.3
110,Inglourious Basterds,2009,"Adventure, Drama, War            ",8.3
111,Eternal Sunshine of the Spotless Mind,2004,"Drama, Romance, Sci-Fi            ",8.3
112,Le fabuleux destin d'Amélie Poulain,2001,"Comedy, Romance            ",8.3
113,Requiem for a Dream,2000,Drama            ,8.3
114,Good Will Hunting,1997,"Drama, Romance            ",8.3
115,Toy Story,1995,"Animation, Adventure, Comedy            ",8.3
116,Heat,1995,"Action, Crime, Drama            ",8.3
117,Reservoir Dogs,1992,"Crime, Thriller            ",8.3
118,Full Metal Jacket,1987,"Drama, War            ",8.3
119,Once Upon a Time in America,1984,"Crime, Drama            ",8.3
120,Scarface,1983,"Crime, Drama            ",8.3
121,Star Wars: Episode VI - Return of the Jedi,1983,"Action, Adventure, Fantasy            ",8.3
122,The Sting,1973,"Comedy, Crime, Drama            ",8.3
123,A Clockwork Orange,1971,"Crime, Sci-Fi            ",8.3
124,2001: A Space Odyssey,1968,"Adventure, Sci-Fi            ",8.3
125,To Kill a Mockingbird,1962,"Crime, Drama            ",8.3
126,Lawrence of Arabia,1962,"Adventure, Biography, Drama            ",8.3
127,Judgment at Nuremberg,1961,"Drama, War            ",8.3
128,The Apartment,1960,"Comedy, Drama, Romance            ",8.3
129,North by Northwest,1959,"Action, Adventure, Mystery            ",8.3
130,Vertigo,1958,"Mystery, Romance, Thriller            ",8.3
131,Pather Panchali,1955,Drama            ,8.3
132,Singin' in the Rain,1952,"Comedy, Musical, Romance            ",8.3
133,Ikiru,1952,Drama            ,8.3
134,Ladri di biciclette,1948,Drama            ,8.3
135,Double Indemnity,1944,"Crime, Drama, Film-Noir            ",8.3
136,Citizen Kane,1941,"Drama, Mystery            ",8.3
137,M - Eine Stadt sucht einen Mörder,1931,"Crime, Mystery, Thriller            ",8.3
138,Metropolis,1927,"Drama, Sci-Fi            ",8.3
139,The Kid,1921,"Comedy, Drama, Family            ",8.3
140,Chhichhore,2019,"Comedy, Drama, Romance            ",8.2
141,1917,2019,"Action, Drama, War            ",8.2
142,Uri: The Surgical Strike,2019,"Action, Drama, History            ",8.2
143,Tumbbad,2018,"Drama, Fantasy, Horror            ",8.2
144,Andhadhun,2018,"Comedy, Crime, Music            ",8.2
145,K.G.F: Chapter 1,2018,"Action, Crime, Drama            ",8.2
146,Green Book,2018,"Biography, Comedy, Drama            ",8.2
147,Baahubali 2: The Conclusion,2017,"Action, Drama            ",8.2
148,Drishyam,2015,"Crime, Drama, Mystery            ",8.2
149,Bhaag Milkha Bhaag,2013,"Biography, Drama, Sport            ",8.2
150,Inside Out,I 2015,"Animation, Adventure, Comedy            ",8.2
151,Gangs of Wasseypur,2012,"Action, Comedy, Crime            ",8.2
152,Paan Singh Tomar,2012,"Action, Biography, Crime            ",8.2
153,Zindagi Na Milegi Dobara,2011,"Comedy, Drama, Musical            ",8.2
154,El secreto de sus ojos,2009,"Drama, Mystery, Romance            ",8.2
155,Warrior,2011,"Action, Drama, Sport            ",8.2
156,Shutter Island,2010,"Mystery, Thriller            ",8.2
157,Kimetsu no Yaiba: Mugen Ressha-Hen,2020,"Animation, Action, Adventure            ",8.2
158,Miracle in Cell No. 7,2019,Drama            ,8.2
159,The Father,I 2020,"Drama, Mystery            ",8.2
160,The Wolf of Wall Street,2013,"Biography, Comedy, Crime            ",8.2
161,No Country for Old Men,2007,"Crime, Drama, Thriller            ",8.2
162,Babam ve Oglum,2005,"Drama, Family            ",8.2
163,There Will Be Blood,2007,Drama            ,8.2
164,Pan's Labyrinth,2006,"Drama, Fantasy, War            ",8.2
165,V for Vendetta,2005,"Action, Drama, Sci-Fi            ",8.2
166,Batman Begins,2005,"Action, Crime, Drama            ",8.2
167,"Swades: We, the People",2004,"Drama, Musical            ",8.2
168,Der Untergang,2004,"Biography, Drama, History            ",8.2
169,Hauru no ugoku shiro,2004,"Animation, Adventure, Family            ",8.2
170,A Beautiful Mind,2001,"Biography, Drama            ",8.2
171,Kill Bill: Vol. 1,2003,"Action, Crime, Drama            ",8.2
172,Finding Nemo,2003,"Animation, Adventure, Comedy            ",8.2
173,Snatch,2000,"Comedy, Crime            ",8.2
174,The Sixth Sense,1999,"Drama, Mystery, Thriller            ",8.2
175,"Lock, Stock and Two Smoking Barrels",1998,"Action, Comedy, Crime            ",8.2
176,The Truman Show,1998,"Comedy, Drama            ",8.2
177,L.A. Confidential,1997,"Crime, Drama, Mystery            ",8.2
178,Bacheha-Ye aseman,1997,"Drama, Family, Sport            ",8.2
179,Casino,1995,"Crime, Drama            ",8.2
180,Jurassic Park,1993,"Action, Adventure, Sci-Fi            ",8.2
181,Unforgiven,1992,"Drama, Western            ",8.2
182,Indiana Jones and the Last Crusade,1989,"Action, Adventure            ",8.2
183,Die Hard,1988,"Action, Thriller            ",8.2
184,Ran,1985,"Action, Drama, War            ",8.2
185,The Thing,1982,"Horror, Mystery, Sci-Fi            ",8.2
186,Raging Bull,1980,"Biography, Drama, Sport            ",8.2
187,The Elephant Man,1980,"Biography, Drama            ",8.2
188,Taxi Driver,1976,"Crime, Drama            ",8.2
189,Monty Python and the Holy Grail,1975,"Adventure, Comedy, Fantasy            ",8.2
190,Dersu Uzala,1975,"Adventure, Biography, Drama            ",8.2
191,Chinatown,1974,"Drama, Mystery, Thriller            ",8.2
192,Z,1969,"Crime, Drama, Thriller            ",8.2
193,Per qualche dollaro in più,1965,Western            ,8.2
194,The Great Escape,1963,"Adventure, Drama, History            ",8.2
195,Yôjinbô,1961,"Action, Drama, Thriller            ",8.2
196,Some Like It Hot,1959,"Comedy, Music, Romance            ",8.2
197,The Bridge on the River Kwai,1957,"Adventure, Drama, War            ",8.2
198,Dial M for Murder,1954,"Crime, Thriller            ",8.2
199,Tôkyô monogatari,1953,Drama            ,8.2
200,Le salaire de la peur,1953,"Adventure, Drama, Thriller            ",8.2
201,Umberto D.,1952,Drama            ,8.2
202,Rashômon,1950,"Crime, Drama, Mystery            ",8.2
203,All About Eve,1950,Drama            ,8.2
204,The Treasure of the Sierra Madre,1948,"Adventure, Drama, Western            ",8.2
205,To Be or Not to Be,1942,"Comedy, Romance, War            ",8.2
206,Gone with the Wind,1939,"Drama, Romance, War            ",8.2
207,La passion de Jeanne d'Arc,1928,"Biography, Drama, History            ",8.2
208,The General,1926,"Action, Adventure, Comedy            ",8.2
209,The Gold Rush,1925,"Adventure, Comedy, Drama            ",8.2
210,Sherlock Jr.,1924,"Action, Comedy, Romance            ",8.2
211,Portrait de la jeune fille en feu,2019,"Drama, Romance            ",8.1
212,Everything Everywhere All at Once,2022,"Action, Adventure, Comedy            ",8.1
213,Pink,III 2016,"Crime, Drama, Thriller            ",8.1
214,Koe no katachi,2016,"Animation, Drama            ",8.1
215,"Three Billboards Outside Ebbing, Missouri",2017,"Comedy, Crime, Drama            ",8.1
216,Talvar,2015,"Crime, Drama, Mystery            ",8.1
217,Klaus,2019,"Animation, Adventure, Comedy            ",8.1
218,Masaan,2015,Drama            ,8.1
219,Ah-ga-ssi,2016,"Drama, Romance, Thriller            ",8.1
220,Bajrangi Bhaijaan,2015,"Action, Adventure, Comedy            ",8.1
221,Queen,2013,"Adventure, Comedy, Drama            ",8.1
222,Logan,2017,"Action, Drama, Sci-Fi            ",8.1
223,Room,I 2015,"Drama, Thriller            ",8.1
224,Relatos salvajes,2014,"Comedy, Drama, Thriller            ",8.1
225,Mandariinid,2013,"Drama, War            ",8.1
226,Kis Uykusu,2014,Drama            ,8.1
227,PK,2014,"Comedy, Drama, Sci-Fi            ",8.1
228,OMG: Oh My God!,2012,"Comedy, Drama, Fantasy            ",8.1
229,The Grand Budapest Hotel,2014,"Adventure, Comedy, Crime            ",8.1
230,Gone Girl,2014,"Drama, Mystery, Thriller            ",8.1
231,Ôkami kodomo no Ame to Yuki,2012,"Animation, Drama, Family            ",8.1
232,Hacksaw Ridge,2016,"Biography, Drama, History            ",8.1
233,Barfi!,2012,"Comedy, Drama, Romance            ",8.1
234,12 Years a Slave,2013,"Biography, Drama, History            ",8.1
235,Rush,I 2013,"Action, Biography, Drama            ",8.1
236,Ford v Ferrari,2019,"Action, Biography, Drama            ",8.1
237,Spotlight,I 2015,"Biography, Crime, Drama            ",8.1
238,Kahaani,2012,"Mystery, Thriller            ",8.1
239,Udaan,2010,Drama            ,8.1
240,The Help,2011,Drama            ,8.1
241,Prisoners,2013,"Crime, Drama, Mystery            ",8.1
242,Mad Max: Fury Road,2015,"Action, Adventure, Sci-Fi            ",8.1
243,A Wednesday,2008,"Action, Crime, Drama            ",8.1
244,Gran Torino,2008,Drama            ,8.1
245,Harry Potter and the Deathly Hallows - Part 2,2011,"Adventure, Family, Fantasy            ",8.1
246,Article 15,2019,"Crime, Drama, Mystery            ",8.1
247,Hachi: A Dog's Tale,2009,"Biography, Drama, Family            ",8.1
248,Mary and Max.,2009,"Animation, Comedy, Drama            ",8.1
249,How to Train Your Dragon,2010,"Animation, Action, Adventure            ",8.1
250,Chak De! India,2007,"Drama, Family, Sport            ",8.1
251,Into the Wild,2007,"Adventure, Biography, Drama            ",8.1
252,Rang De Basanti,2006,"Comedy, Crime, Drama            ",8.1
253,Million Dollar Baby,2004,"Drama, Sport            ",8.1
254,Hotel Rwanda,2004,"Biography, Drama, History            ",8.1
255,Ratatouille,2007,"Animation, Adventure, Comedy            ",8.1
256,Before Sunset,2004,"Drama, Romance            ",8.1
257,Black,2005,Drama            ,8.1
258,Munna Bhai M.B.B.S.,2003,"Comedy, Drama            ",8.1
259,Salinui chueok,2003,"Crime, Drama, Mystery            ",8.1
260,Pirates of the Caribbean: The Curse of the Black Pearl,2003,"Action, Adventure, Fantasy            ",8.1
261,Dil Chahta Hai,2001,"Comedy, Drama, Romance            ",8.1
262,Catch Me If You Can,2002,"Biography, Crime, Drama            ",8.1
263,Her Sey Çok Güzel Olacak,1998,"Comedy, Drama, Thriller            ",8.1
264,Amores perros,2000,"Drama, Thriller            ",8.1
265,Hera Pheri,2000,"Action, Comedy, Crime            ",8.1
266,Sarfarosh,1999,"Action, Drama, Thriller            ",8.1
267,"Monsters, Inc.",2001,"Animation, Adventure, Comedy            ",8.1
268,Lagaan: Once Upon a Time in India,2001,"Drama, Musical, Sport            ",8.1
269,Festen,1998,Drama            ,8.1
270,The Iron Giant,1999,"Animation, Action, Adventure            ",8.1
271,The Big Lebowski,1998,"Comedy, Crime            ",8.1
272,Fa yeung nin wah,2000,"Drama, Romance            ",8.1
273,Trainspotting,1996,Drama            ,8.1
274,Fargo,1996,"Crime, Thriller            ",8.1
275,Eskiya,1996,"Crime, Drama, Thriller            ",8.1
276,Underground,1995,"Comedy, Drama, Fantasy            ",8.1
277,La haine,1995,"Crime, Drama            ",8.1
278,Before Sunrise,1995,"Drama, Romance            ",8.1
279,Trois couleurs: Rouge,1994,"Drama, Mystery, Romance            ",8.1
280,In the Name of the Father,1993,"Biography, Crime, Drama            ",8.1
281,Groundhog Day,1993,"Comedy, Drama, Fantasy            ",8.1
282,Ba wang bie ji,1993,"Drama, Music, Romance            ",8.1
283,Da hong deng long gao gao gua,1991,"Drama, History, Romance            ",8.1
284,Dom za vesanje,1988,"Comedy, Crime, Drama            ",8.1
285,Dead Poets Society,1989,"Comedy, Drama            ",8.1
286,Tonari no Totoro,1988,"Animation, Comedy, Family            ",8.1
287,Stand by Me,1986,"Adventure, Drama            ",8.1
288,Platoon,1986,"Drama, War            ",8.1
289,Jean de Florette,1986,"Comedy, Drama            ",8.1
290,The Terminator,1984,"Action, Sci-Fi            ",8.1
291,"Paris, Texas",1984,Drama            ,8.1
292,Gandhi,1982,"Biography, Drama            ",8.1
293,Fanny och Alexander,1982,Drama            ,8.1
294,Blade Runner,1982,"Action, Drama, Sci-Fi            ",8.1
295,Stalker,1979,"Drama, Sci-Fi            ",8.1
296,Höstsonaten,1978,"Drama, Music            ",8.1
297,The Deer Hunter,1978,"Drama, War            ",8.1
298,Rocky,1976,"Drama, Sport            ",8.1
299,Network,1976,Drama            ,8.1
300,The Message,1976,"Biography, Drama, History            ",8.1
301,Sholay,1975,"Action, Adventure, Comedy            ",8.1
302,Jaws,1975,"Adventure, Thriller            ",8.1
303,Barry Lyndon,1975,"Adventure, Drama, War            ",8.1
304,A Woman Under the Influence,1974,"Drama, Romance            ",8.1
305,Paper Moon,1973,"Comedy, Crime, Drama            ",8.1
306,The Exorcist,1973,Horror            ,8.1
307,Anand,1971,"Drama, Musical            ",8.1
308,Cool Hand Luke,1967,"Crime, Drama            ",8.1
309,Persona,1966,"Drama, Thriller            ",8.1
310,Andrei Rublev,1966,"Biography, Drama, History            ",8.1
311,The Sound of Music,1965,"Biography, Drama, Family            ",8.1
312,La battaglia di Algeri,1966,"Drama, War            ",8.1
313,The Man Who Shot Liberty Valance,1962,"Drama, Western            ",8.1
314,Jungfrukällan,1960,Drama            ,8.1
315,Inherit the Wind,1960,"Biography, Drama, History            ",8.1
316,Les quatre cents coups,1959,"Crime, Drama            ",8.1
317,Ben-Hur,1959,"Adventure, Drama            ",8.1
318,Kakushi-toride no san-akunin,1958,"Action, Adventure, Drama            ",8.1
319,Smultronstället,1957,"Drama, Romance            ",8.1
320,Det sjunde inseglet,1957,"Drama, Fantasy            ",8.1
321,Le notti di Cabiria,1957,Drama            ,8.1
322,Kumonosu-jô,1957,"Drama, History            ",8.1
323,Du rififi chez les hommes,1955,"Crime, Drama, Thriller            ",8.1
324,On the Waterfront,1954,"Crime, Drama, Thriller            ",8.1
325,Les diaboliques,1955,"Crime, Drama, Horror            ",8.1
326,Ace in the Hole,1951,"Drama, Film-Noir            ",8.1
327,White Heat,1949,"Action, Crime, Drama            ",8.1
328,The Third Man,1949,"Film-Noir, Mystery, Thriller            ",8.1
329,The Red Shoes,1948,"Drama, Music, Romance            ",8.1
330,The Best Years of Our Lives,1946,"Drama, Romance, War            ",8.1
331,Rebecca,1940,"Drama, Film-Noir, Mystery            ",8.1
332,The Grapes of Wrath,1940,Drama            ,8.1
333,The Wizard of Oz,1939,"Adventure, Family, Fantasy            ",8.1
334,Mr. Smith Goes to Washington,1939,"Comedy, Drama            ",8.1
335,La Grande Illusion,1937,"Drama, War            ",8.1
336,It Happened One Night,1934,"Comedy, Romance            ",8.1
337,All Quiet on the Western Front,1930,"Drama, War            ",8.1
338,The Circus,1928,"Comedy, Family, Romance            ",8.1
339,Sunrise: A Song of Two Humans,1927,"Drama, Romance            ",8.1
340,"Quo vadis, Aida?",2020,"Drama, History, War            ",8.0
341,RRR (Rise Roar Revolt),2022,"Action, Drama            ",8.0
342,WolfWalkers,2020,"Animation, Adventure, Family            ",8.0
343,Contratiempo,2016,"Crime, Drama, Mystery            ",8.0
344,La La Land,2016,"Comedy, Drama, Music            ",8.0
345,Lion,2016,"Biography, Drama            ",8.0
346,The Martian,2015,"Adventure, Drama, Sci-Fi            ",8.0
347,Mommy,I 2014,Drama            ,8.0
348,Haider,2014,"Action, Crime, Drama            ",8.0
349,Soul,2020,"Animation, Adventure, Comedy            ",8.0
350,Zootopia,2016,"Animation, Adventure, Comedy            ",8.0
351,Bãhubali: The Beginning,2015,"Action, Drama            ",8.0
352,Kaguya-hime no monogatari,2013,"Animation, Drama, Family            ",8.0
353,Special Chabbis,2013,"Crime, Drama, Thriller            ",8.0
354,The Imitation Game,2014,"Biography, Drama, Thriller            ",8.0
355,Guardians of the Galaxy,2014,"Action, Adventure, Comedy            ",8.0
356,Song of the Sea,2014,"Animation, Adventure, Drama            ",8.0
357,Blade Runner 2049,2017,"Action, Drama, Mystery            ",8.0
358,Her,2013,"Drama, Romance, Sci-Fi            ",8.0
359,The Revenant,2015,"Action, Adventure, Drama            ",8.0
360,Tropa de Elite 2: O Inimigo Agora é Outro,2010,"Action, Crime, Drama            ",8.0
361,The King's Speech,2010,"Biography, Drama, History            ",8.0
362,Deadpool,2016,"Action, Adventure, Comedy            ",8.0
363,Zack Snyder's Justice League,2021,"Action, Adventure, Fantasy            ",8.0
364,Ip Man,2008,"Action, Biography, Drama            ",8.0
365,Nefes: Vatan Sagolsun,2009,"Action, Drama, Thriller            ",8.0
366,Dune: Part One,2021,"Action, Adventure, Drama            ",8.0
367,Okuribito,2008,Drama            ,8.0
368,CODA,2021,"Comedy, Drama, Music            ",8.0
369,Slumdog Millionaire,2008,"Crime, Drama, Romance            ",8.0
370,Black Swan,2010,"Drama, Thriller            ",8.0
371,Tropa de Elite,2007,"Action, Crime, Drama            ",8.0
372,The Avengers,2012,"Action, Adventure, Sci-Fi            ",8.0
373,Persepolis,2007,"Animation, Biography, Drama            ",8.0
374,Lage Raho Munna Bhai,2006,"Comedy, Drama, Romance            ",8.0
375,The Pursuit of Happyness,2006,"Biography, Drama            ",8.0
376,Blood Diamond,2006,"Adventure, Drama, Thriller            ",8.0
377,The Bourne Ultimatum,2007,"Action, Mystery, Thriller            ",8.0
378,Dare mo shiranai,2004,Drama            ,8.0
379,Sin City,2005,"Crime, Thriller            ",8.0
380,Le scaphandre et le papillon,2007,"Biography, Drama            ",8.0
381,Taegukgi hwinalrimyeo,2004,"Action, Drama, War            ",8.0
382,G.O.R.A.,2004,"Adventure, Comedy, Sci-Fi            ",8.0
383,Casino Royale,2006,"Action, Adventure, Thriller            ",8.0
384,Kill Bill: Vol. 2,2004,"Action, Crime, Thriller            ",8.0
385,Bom yeoreum gaeul gyeoul geurigo bom,2003,"Drama, Romance            ",8.0
386,Mar adentro,I 2004,"Biography, Drama            ",8.0
387,Cinderella Man,2005,"Biography, Drama, Romance            ",8.0
388,Mou gaan dou,2002,"Action, Crime, Drama            ",8.0
389,Big Fish,2003,"Adventure, Drama, Fantasy            ",8.0
390,The Incredibles,2004,"Animation, Action, Adventure            ",8.0
391,Yeopgijeogin geunyeo,2001,"Comedy, Drama, Romance            ",8.0
392,Dogville,2003,"Crime, Drama            ",8.0
393,Vizontele,2001,"Comedy, Drama            ",8.0
394,Donnie Darko,2001,"Drama, Mystery, Sci-Fi            ",8.0
395,Magnolia,1999,Drama            ,8.0
396,"Shin seiki Evangelion Gekijô-ban: Air/Magokoro wo, kimi ni",1997,"Animation, Action, Drama            ",8.0
397,The Straight Story,1999,"Biography, Drama            ",8.0
398,Pâfekuto burû,1997,"Animation, Crime, Drama            ",8.0
399,Central do Brasil,1998,Drama            ,8.0
400,La leggenda del pianista sull'oceano,1998,"Drama, Music, Romance            ",8.0
401,"Crna macka, beli macor",1998,"Comedy, Crime, Romance            ",8.0
402,Sling Blade,1996,Drama            ,8.0
403,Secrets & Lies,1996,"Comedy, Drama            ",8.0
404,Twelve Monkeys,1995,"Mystery, Sci-Fi, Thriller            ",8.0
405,Dilwale Dulhania Le Jayenge,1995,"Drama, Romance            ",8.0
406,Chung Hing sam lam,1994,"Comedy, Crime, Drama            ",8.0
407,Andaz Apna Apna,1994,"Action, Comedy, Romance            ",8.0
408,Scent of a Woman,1992,Drama            ,8.0
409,Aladdin,1992,"Animation, Adventure, Comedy            ",8.0
410,JFK,1991,"Drama, History, Thriller            ",8.0
411,Beauty and the Beast,1991,"Animation, Family, Fantasy            ",8.0
412,Dances with Wolves,1990,"Adventure, Drama, Western            ",8.0
413,Rain Man,1988,Drama            ,8.0
414,Akira,1988,"Animation, Action, Drama            ",8.0
415,The Princess Bride,1987,"Adventure, Family, Fantasy            ",8.0
416,Der Himmel über Berlin,1987,"Drama, Fantasy, Romance            ",8.0
417,Au revoir les enfants,1987,"Drama, War            ",8.0
418,Tenkû no shiro Rapyuta,1986,"Animation, Adventure, Family            ",8.0
419,Kaze no tani no Naushika,1984,"Animation, Adventure, Sci-Fi            ",8.0
420,Nostalgia,1983,Drama            ,8.0
421,Pink Floyd: The Wall,1982,"Drama, Fantasy, Music            ",8.0
422,Fitzcarraldo,1982,"Adventure, Drama            ",8.0
423,Life of Brian,1979,Comedy            ,8.0
424,Being There,1979,"Comedy, Drama            ",8.0
425,Annie Hall,1977,"Comedy, Romance            ",8.0
426,Dog Day Afternoon,1975,"Biography, Crime, Drama            ",8.0
427,Zerkalo,1975,"Biography, Drama            ",8.0
428,Young Frankenstein,1974,Comedy            ,8.0
429,Papillon,1973,"Biography, Crime, Drama            ",8.0
430,Viskningar och rop,1972,Drama            ,8.0
431,Solaris,1972,"Drama, Mystery, Sci-Fi            ",8.0
432,Sleuth,1972,"Mystery, Thriller            ",8.0
433,The Last Picture Show,1971,"Drama, Romance            ",8.0
434,Fiddler on the Roof,1971,"Drama, Family, Musical            ",8.0
435,Butch Cassidy and the Sundance Kid,1969,"Biography, Crime, Drama            ",8.0
436,Rosemary's Baby,1968,"Drama, Horror            ",8.0
437,Planet of the Apes,1968,"Adventure, Sci-Fi            ",8.0
438,Le Samouraï,1967,"Crime, Drama            ",8.0
439,The Graduate,1967,"Comedy, Drama, Romance            ",8.0
440,Who's Afraid of Virginia Woolf?,1966,Drama            ,8.0
441,Il gattopardo,1963,"Drama, History            ",8.0
442,8½,1963,Drama            ,8.0
443,El ángel exterminador,1962,"Drama, Fantasy            ",8.0
444,What Ever Happened to Baby Jane?,1962,"Drama, Horror, Thriller            ",8.0
445,Sanjuro,1962,"Action, Drama, Thriller            ",8.0
446,Ivanovo detstvo,1962,"Drama, War            ",8.0
447,Såsom i en spegel,1961,Drama            ,8.0
448,The Hustler,1961,"Drama, Sport            ",8.0
449,La dolce vita,1960,"Comedy, Drama            ",8.0
450,Rio Bravo,1959,Western            ,8.0
451,Anatomy of a Murder,1959,"Drama, Mystery            ",8.0
452,Touch of Evil,1958,"Crime, Drama, Film-Noir            ",8.0
453,Sweet Smell of Success,1957,"Drama, Film-Noir            ",8.0
454,The Killing,1956,"Crime, Drama, Film-Noir            ",8.0
455,The Night of the Hunter,1955,"Crime, Drama, Film-Noir            ",8.0
456,La Strada,1954,Drama            ,8.0
457,Stalag 17,1953,"Comedy, Drama, War            ",8.0
458,Roman Holiday,1953,"Comedy, Romance            ",8.0
459,High Noon,1952,"Drama, Thriller, Western            ",8.0
460,Kind Hearts and Coronets,1949,"Comedy, Crime            ",8.0
461,Out of the Past,1947,"Crime, Drama, Film-Noir            ",8.0
462,Roma città aperta,1945,"Drama, Thriller, War            ",8.0
463,Brief Encounter,1945,"Drama, Romance            ",8.0
464,The Maltese Falcon,1941,"Crime, Film-Noir, Mystery            ",8.0
465,The Shop Around the Corner,1940,"Comedy, Drama, Romance            ",8.0
466,Das Cabinet des Dr. Caligari,1920,"Horror, Mystery, Thriller            ",8.0
467,Knives Out,2019,"Comedy, Crime, Drama            ",7.9
468,Manbiki kazoku,2018,"Crime, Drama, Thriller            ",7.9
469,Badhaai ho,2018,"Comedy, Drama            ",7.9
470,Marriage Story,2019,"Drama, Romance            ",7.9
471,Super 30,2019,"Biography, Drama            ",7.9
472,Padman,2018,"Biography, Comedy, Drama            ",7.9
473,Togo,2019,"Adventure, Biography, Drama            ",7.9
474,Airlift,2016,"Action, Drama, History            ",7.9
475,M.S. Dhoni: The Untold Story,2016,"Biography, Drama, Sport            ",7.9
476,Baby,I 2015,"Action, Crime, Thriller            ",7.9
477,Sing Street,2016,"Comedy, Drama, Music            ",7.9
478,Thor: Ragnarok,2017,"Action, Adventure, Comedy            ",7.9
479,Jojo Rabbit,2019,"Comedy, Drama, War            ",7.9
480,Wonder,I 2017,"Drama, Family            ",7.9
481,Arrival,II 2016,"Drama, Mystery, Sci-Fi            ",7.9
482,Gully Boy,2019,"Drama, Music, Romance            ",7.9
483,Short Term 12,2013,Drama            ,7.9
484,Serbuan maut 2: Berandal,2014,"Action, Crime, Thriller            ",7.9
485,Before Midnight,2013,"Drama, Romance            ",7.9
486,X-Men: Days of Future Past,2014,"Action, Adventure, Sci-Fi            ",7.9
487,The Batman,2022,"Action, Crime, Drama            ",7.9
488,Bohemian Rhapsody,2018,"Biography, Drama, Music            ",7.9
489,Hoje Eu Quero Voltar Sozinho,2014,"Drama, Romance            ",7.9
490,The Perks of Being a Wallflower,2012,Drama            ,7.9
491,The Artist,I 2011,"Comedy, Drama, Romance            ",7.9
492,Edge of Tomorrow,2014,"Action, Adventure, Sci-Fi            ",7.9
493,Amour,2012,Drama            ,7.9
494,Darbareye Elly,2009,"Drama, Mystery            ",7.9
495,Dev.D,2009,"Comedy, Drama, Romance            ",7.9
496,My Name Is Khan,2010,"Adventure, Drama, Romance            ",7.9
497,Låt den rätte komma in,2008,"Drama, Fantasy, Horror            ",7.9
498,District 9,2009,"Action, Sci-Fi, Thriller            ",7.9
499,The Wrestler,2008,"Drama, Sport            ",7.9
500,Jab We Met,2007,"Comedy, Drama, Romance            ",7.9
501,Boyhood,I 2014,Drama            ,7.9
502,"4 luni, 3 saptamâni si 2 zile",2007,Drama            ,7.9
503,Im Westen nichts Neues,2022,"Action, Drama, War            ",7.9
504,Star Trek,2009,"Action, Adventure, Sci-Fi            ",7.9
505,Dallas Buyers Club,2013,"Biography, Drama            ",7.9
506,In Bruges,2008,"Comedy, Crime, Drama            ",7.9
507,The Man from Earth,2007,"Drama, Fantasy, Mystery            ",7.9
508,Letters from Iwo Jima,2006,"Action, Adventure, Drama            ",7.9
509,Life of Pi,2012,"Adventure, Drama, Fantasy            ",7.9
510,Fantastic Mr. Fox,2009,"Animation, Adventure, Comedy            ",7.9
511,Bin-jip,2004,"Crime, Drama, Romance            ",7.9
512,C.R.A.Z.Y.,2005,"Comedy, Drama            ",7.9
513,Vozvrashchenie,2003,Drama            ,7.9
514,Iron Man,2008,"Action, Adventure, Sci-Fi            ",7.9
515,Shaun of the Dead,2004,"Comedy, Horror            ",7.9
516,Kal Ho Naa Ho,2003,"Comedy, Drama, Musical            ",7.9
517,Gegen die Wand,2004,"Drama, Romance            ",7.9
518,Mystic River,2003,"Crime, Drama, Mystery            ",7.9
519,Harry Potter and the Prisoner of Azkaban,2004,"Adventure, Family, Fantasy            ",7.9
520,Ying xiong,2002,"Action, Adventure, Drama            ",7.9
521,Hable con ella,2002,"Drama, Mystery, Romance            ",7.9
522,No Man's Land,I 2001,"Comedy, Drama, War            ",7.9
523,The Bourne Identity,2002,"Action, Mystery, Thriller            ",7.9
524,Nueve reinas,2000,"Crime, Drama, Thriller            ",7.9
525,Children of Men,2006,"Action, Drama, Sci-Fi            ",7.9
526,Wo hu cang long,2000,"Action, Adventure, Drama            ",7.9
527,Almost Famous,2000,"Adventure, Comedy, Drama            ",7.9
528,Dancer in the Dark,2000,"Crime, Drama, Musical            ",7.9
529,Mulholland Dr.,2001,"Drama, Mystery, Thriller            ",7.9
530,Shrek,2001,"Animation, Adventure, Comedy            ",7.9
531,Toy Story 2,1999,"Animation, Adventure, Comedy            ",7.9
532,Titanic,1997,"Drama, Romance            ",7.9
533,Knockin' on Heaven's Door,1997,"Action, Crime, Comedy            ",7.9
534,Boogie Nights,1997,Drama            ,7.9
535,Mimi wo sumaseba,1995,"Animation, Drama, Family            ",7.9
536,Kôkaku Kidôtai,1995,"Animation, Action, Crime            ",7.9
537,Once Were Warriors,1994,"Crime, Drama            ",7.9
538,True Romance,1993,"Crime, Drama, Romance            ",7.9
539,Trois couleurs: Bleu,1993,"Drama, Music, Mystery            ",7.9
540,The Nightmare Before Christmas,1993,"Animation, Family, Fantasy            ",7.9
541,Carlito's Way,1993,"Crime, Drama, Thriller            ",7.9
542,Bound by Honor,1993,"Crime, Drama            ",7.9
543,Edward Scissorhands,1990,"Drama, Fantasy, Romance            ",7.9
544,My Left Foot: The Story of Christy Brown,1989,"Biography, Drama            ",7.9
545,Do the Right Thing,1989,"Comedy, Drama            ",7.9
546,The Untouchables,1987,"Crime, Drama, Thriller            ",7.9
547,Sacrifice,1986,Drama            ,7.9
548,Hannah and Her Sisters,1986,"Comedy, Drama            ",7.9
549,Brazil,1985,"Drama, Sci-Fi            ",7.9
550,This Is Spinal Tap,1984,"Comedy, Music            ",7.9
551,A Christmas Story,1983,"Comedy, Family            ",7.9
552,E.T. the Extra-Terrestrial,1982,"Adventure, Family, Sci-Fi            ",7.9
553,Kagemusha,1980,"Drama, History, War            ",7.9
554,The Blues Brothers,1980,"Action, Adventure, Comedy            ",7.9
555,Manhattan,1979,"Comedy, Drama, Romance            ",7.9
556,All the President's Men,1976,"Drama, History, Thriller            ",7.9
557,Amarcord,1973,"Comedy, Drama            ",7.9
558,Harold and Maude,1971,"Comedy, Drama, Romance            ",7.9
559,Patton,1970,"Biography, Drama, War            ",7.9
560,Il conformista,1970,Drama            ,7.9
561,Le cercle rouge,1970,"Crime, Drama, Thriller            ",7.9
562,The Wild Bunch,1969,"Action, Adventure, Western            ",7.9
563,The Lion in Winter,1968,"Biography, Drama, History            ",7.9
564,In the Heat of the Night,1967,"Drama, Mystery, Thriller            ",7.9
565,In Cold Blood,1967,"Biography, Crime, Drama            ",7.9
566,Doctor Zhivago,1965,"Drama, Romance, War            ",7.9
567,Per un pugno di dollari,1964,"Action, Drama, Western            ",7.9
568,Charade,1963,"Comedy, Mystery, Romance            ",7.9
569,Vivre sa vie: Film en douze tableaux,1962,Drama            ,7.9
570,The Manchurian Candidate,1962,"Drama, Thriller            ",7.9
571,Spartacus,1960,"Adventure, Biography, Drama            ",7.9
572,Hiroshima mon amour,1959,"Drama, Romance            ",7.9
573,Cat on a Hot Tin Roof,1958,Drama            ,7.9
574,Ascenseur pour l'échafaud,1958,"Crime, Drama, Thriller            ",7.9
575,The Ten Commandments,1956,"Adventure, Drama, Family            ",7.9
576,The Searchers,1956,"Adventure, Drama, Western            ",7.9
577,The Big Heat,1953,"Crime, Film-Noir, Thriller            ",7.9
578,A Streetcar Named Desire,1951,Drama            ,7.9
579,Strangers on a Train,1951,"Crime, Drama, Film-Noir            ",7.9
580,In a Lonely Place,1950,"Drama, Film-Noir, Mystery            ",7.9
581,Harvey,1950,"Comedy, Drama, Fantasy            ",7.9
582,Rope,1948,"Crime, Drama, Mystery            ",7.9
583,Miracle on 34th Street,1947,"Comedy, Drama, Family            ",7.9
584,Notorious,1946,"Drama, Film-Noir, Romance            ",7.9
585,The Big Sleep,1946,"Crime, Film-Noir, Mystery            ",7.9
586,La belle et la bête,1946,"Drama, Fantasy, Romance            ",7.9
587,Mildred Pierce,1945,"Crime, Drama, Film-Noir            ",7.9
588,The Lost Weekend,1945,"Drama, Film-Noir            ",7.9
589,Laura,1944,"Drama, Film-Noir, Mystery            ",7.9
590,Arsenic and Old Lace,1944,"Comedy, Crime, Thriller            ",7.9
591,Sullivan's Travels,1941,"Adventure, Comedy, Drama            ",7.9
592,The Philadelphia Story,1940,"Comedy, Romance            ",7.9
593,La règle du jeu,1939,"Comedy, Drama            ",7.9
594,The Adventures of Robin Hood,1938,"Action, Adventure, Romance            ",7.9
595,The Thin Man,1934,"Comedy, Mystery            ",7.9
596,King Kong,1933,"Adventure, Horror, Sci-Fi            ",7.9
597,Bronenosets Potemkin,1925,"Drama, History, Thriller            ",7.9
598,Nosferatu,1922,"Fantasy, Horror            ",7.9
599,The Gentlemen,2019,"Action, Comedy, Crime            ",7.8
600,Hindi Medium,2017,"Comedy, Drama            ",7.8
601,Call Me by Your Name,2017,"Drama, Romance            ",7.8
602,"I, Daniel Blake",2016,Drama            ,7.8
603,Isle of Dogs,2018,"Animation, Adventure, Comedy            ",7.8
604,Dunkirk,2017,"Action, Drama, History            ",7.8
605,Hidden Figures,2016,"Biography, Drama, History            ",7.8
606,Hunt for the Wilderpeople,2016,"Adventure, Comedy, Drama            ",7.8
607,Paddington 2,2017,"Adventure, Comedy, Family            ",7.8
608,Manchester by the Sea,2016,Drama            ,7.8
609,Under sandet,2015,"Drama, History, War            ",7.8
610,Rogue One,2016,"Action, Adventure, Sci-Fi            ",7.8
611,Captain Fantastic,2016,"Comedy, Drama            ",7.8
612,Captain America: Civil War,2016,"Action, Adventure, Sci-Fi            ",7.8
613,The Hateful Eight,2015,"Crime, Drama, Mystery            ",7.8
614,Little Women,2019,"Drama, Romance            ",7.8
615,Loving Vincent,2017,"Animation, Biography, Crime            ",7.8
616,Pride,I 2014,"Biography, Comedy, Drama            ",7.8
617,Nightcrawler,2014,"Crime, Drama, Thriller            ",7.8
618,Star Wars: Episode VII - The Force Awakens,2015,"Action, Adventure, Sci-Fi            ",7.8
619,The Lunchbox,2013,"Drama, Romance            ",7.8
620,Soshite chichi ni naru,2013,Drama            ,7.8
621,Vicky Donor,2012,"Comedy, Romance            ",7.8
622,Big Hero 6,2014,"Animation, Action, Adventure            ",7.8
623,About Time,I 2013,"Comedy, Drama, Fantasy            ",7.8
624,English Vinglish,2012,"Comedy, Drama, Family            ",7.8
625,La migliore offerta,2013,"Crime, Drama, Mystery            ",7.8
626,Captain America: The Winter Soldier,2014,"Action, Adventure, Sci-Fi            ",7.8
627,Bir Zamanlar Anadolu'da,2011,"Crime, Drama, Thriller            ",7.8
628,Moonrise Kingdom,2012,"Comedy, Drama, Romance            ",7.8
629,How to Train Your Dragon 2,2014,"Animation, Action, Adventure            ",7.8
630,The Big Short,2015,"Biography, Comedy, Drama            ",7.8
631,Ang-ma-reul bo-at-da,2010,"Action, Crime, Thriller            ",7.8
632,The Girl with the Dragon Tattoo,2011,"Crime, Drama, Mystery            ",7.8
633,Captain Phillips,2013,"Action, Biography, Crime            ",7.8
634,Straight Outta Compton,2015,"Biography, Drama, History            ",7.8
635,The Irishman,2019,"Biography, Crime, Drama            ",7.8
636,The Social Network,2010,"Biography, Drama            ",7.8
637,Un prophète,2009,"Crime, Drama            ",7.8
638,Thirteen Lives,2022,"Action, Adventure, Biography            ",7.8
639,Madeo,2009,"Crime, Drama, Mystery            ",7.8
640,Chugyeokja,2008,"Action, Crime, Drama            ",7.8
641,Moon,2009,"Drama, Mystery, Sci-Fi            ",7.8
642,The Hobbit: The Desolation of Smaug,2013,"Adventure, Fantasy            ",7.8
643,Das weiße Band - Eine deutsche Kindergeschichte,2009,"Drama, Mystery, Thriller            ",7.8
644,Män som hatar kvinnor,2009,"Crime, Drama, Mystery            ",7.8
645,Skyfall,2012,"Action, Adventure, Thriller            ",7.8
646,Verdens verste menneske,2021,"Comedy, Drama, Romance            ",7.8
647,The Fighter,I 2010,"Action, Biography, Drama            ",7.8
648,Taken,I 2008,"Action, Crime, Thriller            ",7.8
649,Once,I 2007,"Drama, Music, Romance            ",7.8
650,The Hobbit: An Unexpected Journey,2012,"Adventure, Fantasy            ",7.8
651,Changeling,2008,"Biography, Crime, Drama            ",7.8
652,Atonement,2007,"Drama, Mystery, Romance            ",7.8
653,Drive,I 2011,"Action, Drama            ",7.8
654,American Gangster,2007,"Biography, Crime, Drama            ",7.8
655,Avatar,2009,"Action, Adventure, Fantasy            ",7.8
656,Mr. Nobody,2009,"Drama, Fantasy, Romance            ",7.8
657,Apocalypto,2006,"Action, Adventure, Drama            ",7.8
658,The Fall,I 2006,"Adventure, Drama, Fantasy            ",7.8
659,Little Miss Sunshine,2006,"Comedy, Drama            ",7.8
660,Hot Fuzz,2007,"Action, Comedy, Mystery            ",7.8
661,The Curious Case of Benjamin Button,2008,"Drama, Fantasy, Romance            ",7.8
662,Veer-Zaara,2004,"Drama, Family, Musical            ",7.8
663,Pride & Prejudice,2005,"Drama, Romance            ",7.8
664,The World's Fastest Indian,2005,"Biography, Drama, Sport            ",7.8
665,Tôkyô goddofâzâzu,2003,"Animation, Adventure, Comedy            ",7.8
666,Serenity,2005,"Action, Adventure, Sci-Fi            ",7.8
667,Crash,I 2004,"Crime, Drama, Thriller            ",7.8
668,Les choristes,2004,"Comedy, Drama, Music            ",7.8
669,Walk the Line,2005,"Biography, Drama, Music            ",7.8
670,The Notebook,2004,"Drama, Romance            ",7.8
671,The Last Samurai,2003,"Action, Drama            ",7.8
672,Diarios de motocicleta,2004,"Adventure, Biography, Drama            ",7.8
673,Lilja 4-ever,2002,"Crime, Drama            ",7.8
674,Sennen joyû,2001,"Animation, Drama, Fantasy            ",7.8
675,Cowboy Bebop: Tengoku no tobira,2001,"Animation, Action, Crime            ",7.8
676,Gongdong gyeongbi guyeok JSA,2000,"Action, Drama, Thriller            ",7.8
677,Remember the Titans,2000,"Biography, Drama, Sport            ",7.8
678,Todo sobre mi madre,1999,Drama            ,7.8
679,Cast Away,2000,"Adventure, Drama, Romance            ",7.8
680,The Insider,1999,"Biography, Drama, Thriller            ",7.8
681,October Sky,1999,"Biography, Drama, Family            ",7.8
682,Being John Malkovich,1999,"Comedy, Drama, Fantasy            ",7.8
683,Gattaca,1997,"Drama, Sci-Fi, Thriller            ",7.8
684,Hamlet,1996,Drama            ,7.8
685,Breaking the Waves,1996,Drama            ,7.8
686,Ed Wood,1994,"Biography, Comedy, Drama            ",7.8
687,Tombstone,1993,"Biography, Drama, History            ",7.8
688,The Sandlot,1993,"Comedy, Drama, Family            ",7.8
689,The Remains of the Day,1993,"Drama, Romance            ",7.8
690,Jûbê ninpûchô,1993,"Animation, Action, Adventure            ",7.8
691,The Fugitive,1993,"Action, Crime, Drama            ",7.8
692,A Bronx Tale,1993,"Crime, Drama            ",7.8
693,Batman: Mask of the Phantasm,1993,"Animation, Action, Adventure            ",7.8
694,Boyz n the Hood,1991,"Crime, Drama            ",7.8
695,Misery,1990,"Drama, Thriller            ",7.8
696,Awakenings,1990,"Biography, Drama            ",7.8
697,Majo no takkyûbin,1989,"Animation, Adventure, Family            ",7.8
698,Glory,1989,"Biography, Drama, History            ",7.8
699,Dip huet seung hung,1989,"Action, Crime, Drama            ",7.8
700,Crimes and Misdemeanors,1989,"Comedy, Drama            ",7.8
701,Back to the Future Part II,1989,"Adventure, Comedy, Sci-Fi            ",7.8
702,Mississippi Burning,1988,"Crime, Drama, History            ",7.8
703,Predator,1987,"Action, Adventure, Horror            ",7.8
704,Ferris Bueller's Day Off,1986,Comedy            ,7.8
705,The Breakfast Club,1985,"Comedy, Drama            ",7.8
706,The Killing Fields,1984,"Biography, Drama, History            ",7.8
707,Ghostbusters,1984,"Action, Comedy, Fantasy            ",7.8
708,The Right Stuff,1983,"Adventure, Biography, Drama            ",7.8
709,The King of Comedy,1982,"Comedy, Crime, Drama            ",7.8
710,Kramer vs. Kramer,1979,Drama            ,7.8
711,All That Jazz,1979,"Drama, Music, Musical            ",7.8
712,Days of Heaven,1978,"Drama, Romance            ",7.8
713,Dawn of the Dead,1978,"Horror, Thriller            ",7.8
714,The Outlaw Josey Wales,1976,Western            ,7.8
715,The Man Who Would Be King,1975,"Adventure, History, War            ",7.8
716,La montaña sagrada,1973,"Adventure, Drama, Fantasy            ",7.8
717,The Conversation,1974,"Drama, Mystery, Thriller            ",7.8
718,The Day of the Jackal,1973,"Crime, Drama, Thriller            ",7.8
719,Le charme discret de la bourgeoisie,1972,Comedy            ,7.8
720,Cabaret,1972,"Drama, Music, Musical            ",7.8
721,"Aguirre, der Zorn Gottes",1972,"Action, Adventure, Biography            ",7.8
722,Willy Wonka & the Chocolate Factory,1971,"Family, Fantasy, Musical            ",7.8
723,Midnight Cowboy,1969,Drama            ,7.8
724,Night of the Living Dead,1968,"Horror, Thriller            ",7.8
725,Guess Who's Coming to Dinner,1967,"Comedy, Drama            ",7.8
726,Les parapluies de Cherbourg,1964,"Drama, Musical, Romance            ",7.8
727,My Fair Lady,1964,"Drama, Family, Musical            ",7.8
728,Mary Poppins,1964,"Comedy, Family, Fantasy            ",7.8
729,The Innocents,1961,Horror            ,7.8
730,L'avventura,1960,"Drama, Mystery, Romance            ",7.8
731,East of Eden,1955,Drama            ,7.8
732,The Day the Earth Stood Still,1951,"Drama, Sci-Fi            ",7.8
733,The Asphalt Jungle,1950,"Crime, Drama, Film-Noir            ",7.8
734,Red River,1948,"Drama, Western            ",7.8
735,To Have and Have Not,1944,"Adventure, Comedy, Film-Noir            ",7.8
736,Gaslight,1944,"Crime, Drama, Mystery            ",7.8
737,Shadow of a Doubt,1943,"Film-Noir, Thriller            ",7.8
738,His Girl Friday,1940,"Comedy, Drama, Romance            ",7.8
739,Stagecoach,1939,"Adventure, Drama, Western            ",7.8
740,You Can't Take It with You,1938,"Comedy, Drama, Romance            ",7.8
741,The Lady Vanishes,1938,"Mystery, Thriller            ",7.8
742,Bringing Up Baby,1938,Comedy            ,7.8
743,A Night at the Opera,1935,"Comedy, Music, Musical            ",7.8
744,Bride of Frankenstein,1935,"Drama, Horror, Sci-Fi            ",7.8
745,Duck Soup,1933,"Comedy, Musical            ",7.8
746,Freaks,1932,"Drama, Horror            ",7.8
747,Frankenstein,1931,"Drama, Horror, Sci-Fi            ",7.8
748,Doragon bôru chô: Burorî,2018,"Animation, Action, Adventure            ",7.7
749,Roma,2018,Drama            ,7.7
750,Deadpool 2,2018,"Action, Adventure, Comedy            ",7.7
751,Sound of Metal,2019,"Drama, Music            ",7.7
752,Wind River,2017,"Crime, Drama, Mystery            ",7.7
753,Forushande,2016,Drama            ,7.7
754,Get Out,I 2017,"Horror, Mystery, Thriller            ",7.7
755,Mission: Impossible - Fallout,2018,"Action, Adventure, Thriller            ",7.7
756,Perfetti sconosciuti,2016,"Comedy, Drama            ",7.7
757,Kubo and the Two Strings,2016,"Animation, Action, Adventure            ",7.7
758,En man som heter Ove,2015,"Comedy, Drama, Romance            ",7.7
759,The Breadwinner,2017,"Animation, Drama, Family            ",7.7
760,Omoide no Marnie,2014,"Animation, Drama, Family            ",7.7
761,The Theory of Everything,2014,"Biography, Drama, Romance            ",7.7
762,Kingsman: The Secret Service,2014,"Action, Adventure, Comedy            ",7.7
763,The Fault in Our Stars,2014,"Drama, Romance            ",7.7
764,Me and Earl and the Dying Girl,2015,"Comedy, Drama, Romance            ",7.7
765,Birdman or (The Unexpected Virtue of Ignorance),2014,"Comedy, Drama            ",7.7
766,Le passé,2013,"Drama, Mystery            ",7.7
767,La grande bellezza,2013,Drama            ,7.7
768,Ma vie de Courgette,2016,"Animation, Comedy, Drama            ",7.7
769,La vie d'Adèle,2013,"Drama, Romance            ",7.7
770,The Broken Circle Breakdown,2012,"Drama, Music, Romance            ",7.7
771,Kaze tachinu,2013,"Animation, Biography, Drama            ",7.7
772,Toy Story 4,2019,"Animation, Adventure, Comedy            ",7.7
773,Nebraska,2013,"Adventure, Comedy, Drama            ",7.7
774,Wreck-It Ralph,2012,"Animation, Adventure, Comedy            ",7.7
775,Le Petit Prince,2015,"Animation, Adventure, Drama            ",7.7
776,Detachment,2011,Drama            ,7.7
777,Midnight in Paris,2011,"Comedy, Fantasy, Romance            ",7.7
778,Kokuhaku,2010,"Drama, Thriller            ",7.7
779,Ajeossi,2010,"Action, Crime, Drama            ",7.7
780,The Lego Movie,2014,"Animation, Action, Adventure            ",7.7
781,Gravity,2013,"Drama, Sci-Fi, Thriller            ",7.7
782,Star Trek Into Darkness,2013,"Action, Adventure, Sci-Fi            ",7.7
783,Beasts of No Nation,2015,"Drama, War            ",7.7
784,X: First Class,2011,"Action, Adventure, Sci-Fi            ",7.7
785,The Hangover,2009,Comedy            ,7.7
786,The Trial of the Chicago 7,2020,"Drama, History, Thriller            ",7.7
787,Silver Linings Playbook,2012,"Comedy, Drama, Romance            ",7.7
788,Druk,2020,"Comedy, Drama            ",7.7
789,Argo,2012,"Biography, Drama, Thriller            ",7.7
790,(500) Days of Summer,2009,"Comedy, Drama, Romance            ",7.7
791,Harry Potter and the Deathly Hallows: Part 1,2010,"Adventure, Family, Fantasy            ",7.7
792,The Boy in the Striped Pajamas,2008,"Drama, War            ",7.7
793,Auf der anderen Seite,2007,Drama            ,7.7
794,Frost/Nixon,2008,"Biography, Drama, History            ",7.7
795,Papurika,2006,"Animation, Drama, Fantasy            ",7.7
796,Flipped,I 2010,"Comedy, Drama, Romance            ",7.7
797,Toki o kakeru shôjo,2006,"Animation, Adventure, Comedy            ",7.7
798,This Is England,2006,"Crime, Drama            ",7.7
799,Ex Machina,2014,"Drama, Sci-Fi, Thriller            ",7.7
800,Efter brylluppet,2006,Drama            ,7.7
801,Zodiac,2007,"Crime, Drama, Mystery            ",7.7
802,Lucky Number Slevin,2006,"Crime, Drama, Thriller            ",7.7
803,Joyeux Noël,2005,"Drama, History, Music            ",7.7
804,Adams æbler,2005,"Comedy, Crime, Drama            ",7.7
805,Tangled,2010,"Animation, Adventure, Comedy            ",7.7
806,Zwartboek,2006,"Drama, Thriller, War            ",7.7
807,Brokeback Mountain,2005,"Drama, Romance            ",7.7
808,3:10 to Yuma,2007,"Action, Crime, Drama            ",7.7
809,Kung fu,2004,"Action, Comedy, Fantasy            ",7.7
810,The Bourne Supremacy,2004,"Action, Mystery, Thriller            ",7.7
811,The Machinist,2004,"Drama, Thriller            ",7.7
812,Ray,I 2004,"Biography, Drama, Music            ",7.7
813,Ondskan,2003,Drama            ,7.7
814,Lost in Translation,2003,"Comedy, Drama            ",7.7
815,Harry Potter and the Goblet of Fire,2005,"Adventure, Family, Fantasy            ",7.7
816,Man on Fire,2004,"Action, Crime, Drama            ",7.7
817,Coraline,2009,"Animation, Drama, Family            ",7.7
818,The Magdalene Sisters,2002,Drama            ,7.7
819,Finding Neverland,2004,"Biography, Drama, Family            ",7.7
820,Good Bye Lenin!,2003,"Comedy, Drama, Romance            ",7.7
821,In America,2002,Drama            ,7.7
822,Les triplettes de Belleville,2003,"Animation, Comedy, Drama            ",7.7
823,Adaptation.,2002,"Comedy, Drama            ",7.7
824,Black Hawk Down,2001,"Action, Drama, History            ",7.7
825,Road to Perdition,2002,"Crime, Drama, Thriller            ",7.7
826,Das Experiment,2001,"Drama, Thriller            ",7.7
827,Billy Elliot,2000,"Drama, Music            ",7.7
828,Hedwig and the Angry Inch,2001,"Comedy, Drama, Music            ",7.7
829,The Count of Monte Cristo,2002,"Action, Adventure, Drama            ",7.7
830,Y tu mamá también,2001,Drama            ,7.7
831,Waking Life,2001,"Animation, Drama, Fantasy            ",7.7
832,Ocean's Eleven,2001,"Crime, Thriller            ",7.7
833,"O Brother, Where Art Thou?",2000,"Adventure, Comedy, Crime            ",7.7
834,Minority Report,2002,"Action, Crime, Mystery            ",7.7
835,"South Park: Bigger, Longer & Uncut",1999,"Animation, Comedy, Fantasy            ",7.7
836,Office Space,1999,Comedy            ,7.7
837,Happiness,1998,"Comedy, Drama            ",7.7
838,The Boondock Saints,1999,"Action, Thriller            ",7.7
839,Training Day,2001,"Action, Crime, Drama            ",7.7
840,Lola rennt,1998,"Action, Crime, Thriller            ",7.7
841,Abre los ojos,1997,"Drama, Mystery, Sci-Fi            ",7.7
842,Ta'm e guilass,1997,Drama            ,7.7
843,As Good as It Gets,1997,"Comedy, Drama, Romance            ",7.7
844,Hana-bi,1997,"Crime, Drama, Romance            ",7.7
845,The Game,1997,"Drama, Mystery, Thriller            ",7.7
846,Donnie Brasco,1997,"Biography, Crime, Drama            ",7.7
847,Chun gwong cha sit,1997,"Drama, Romance            ",7.7
848,Primal Fear,1996,"Crime, Drama, Mystery            ",7.7
849,Sense and Sensibility,1995,"Drama, Romance            ",7.7
850,Apollo 13,I 1995,"Adventure, Drama, History            ",7.7
851,Il postino,1994,"Biography, Comedy, Drama            ",7.7
852,Clerks,1994,Comedy            ,7.7
853,What's Eating Gilbert Grape,1993,Drama            ,7.7
854,Short Cuts,1993,"Comedy, Drama            ",7.7
855,Philadelphia,1993,Drama            ,7.7
856,Naked,1993,"Comedy, Drama            ",7.7
857,The Muppet Christmas Carol,1992,"Comedy, Drama, Family            ",7.7
858,Malcolm X,1992,"Biography, Drama, History            ",7.7
859,The Last of the Mohicans,1992,"Action, Adventure, Drama            ",7.7
860,Lat sau san taam,1992,"Action, Crime, Thriller            ",7.7
861,Kurenai no buta,1992,"Animation, Adventure, Comedy            ",7.7
862,Glengarry Glen Ross,1992,"Crime, Drama, Mystery            ",7.7
863,A Few Good Men,1992,"Drama, Thriller            ",7.7
864,Night on Earth,1991,"Comedy, Drama            ",7.7
865,Fried Green Tomatoes,1991,Drama            ,7.7
866,La double vie de Véronique,1991,"Drama, Fantasy, Music            ",7.7
867,Yume,1990,"Drama, Fantasy            ",7.7
868,Miller's Crossing,1990,"Crime, Drama, Thriller            ",7.7
869,Home Alone,1990,"Comedy, Family            ",7.7
870,When Harry Met Sally...,1989,"Comedy, Drama, Romance            ",7.7
871,Who Framed Roger Rabbit,1988,"Animation, Adventure, Comedy            ",7.7
872,Spoorloos,1988,"Mystery, Thriller            ",7.7
873,The Last Emperor,1987,"Biography, Drama, History            ",7.7
874,Evil Dead II,1987,"Comedy, Horror            ",7.7
875,Empire of the Sun,1987,"Drama, History, War            ",7.7
876,Der Name der Rose,1986,"Drama, Mystery, Thriller            ",7.7
877,Down by Law,1986,"Comedy, Crime, Drama            ",7.7
878,Blue Velvet,1986,"Crime, Drama, Mystery            ",7.7
879,The Purple Rose of Cairo,1985,"Comedy, Fantasy, Romance            ",7.7
880,The Goonies,1985,"Adventure, Comedy, Family            ",7.7
881,The Color Purple,1985,Drama            ,7.7
882,Zelig,1983,Comedy            ,7.7
883,The Verdict,1982,Drama            ,7.7
884,Star Trek II: The Wrath of Khan,1982,"Action, Adventure, Sci-Fi            ",7.7
885,First Blood,1982,"Action, Adventure, Thriller            ",7.7
886,Ordinary People,1980,Drama            ,7.7
887,Airplane!,1980,Comedy            ,7.7
888,Halloween,1978,"Horror, Thriller            ",7.7
889,Love and Death,1975,"Comedy, War            ",7.7
890,Blazing Saddles,1974,"Comedy, Western            ",7.7
891,Serpico,1973,"Biography, Crime, Drama            ",7.7
892,La planète sauvage,1973,"Animation, Sci-Fi            ",7.7
893,Badlands,1973,"Action, Crime, Drama            ",7.7
894,Deliverance,1972,"Adventure, Drama, Thriller            ",7.7
895,The French Connection,1971,"Action, Crime, Drama            ",7.7
896,Dirty Harry,1971,"Action, Crime, Thriller            ",7.7
897,Wait Until Dark,1967,Thriller            ,7.7
898,The Dirty Dozen,1967,"Action, Adventure, War            ",7.7
899,Bonnie and Clyde,1967,"Action, Biography, Crime            ",7.7
900,Belle de jour,1967,"Drama, Romance            ",7.7
901,A Man for All Seasons,1966,"Biography, Drama, History            ",7.7
902,Zulu,1964,"Drama, History, War            ",7.7
903,Goldfinger,1964,"Action, Adventure, Thriller            ",7.7
904,The Longest Day,1962,"Action, Drama, History            ",7.7
905,Cape Fear,1962,"Drama, Thriller            ",7.7
906,Jules et Jim,1962,"Drama, Romance            ",7.7
907,The Magnificent Seven,1960,"Action, Adventure, Western            ",7.7
908,À bout de souffle,1960,"Crime, Drama            ",7.7
909,Invasion of the Body Snatchers,1956,"Drama, Horror, Sci-Fi            ",7.7
910,The Caine Mutiny,1954,"Drama, War            ",7.7
911,The Quiet Man,1952,"Comedy, Drama, Romance            ",7.7
912,The African Queen,1951,"Adventure, Drama, Romance            ",7.7
913,Key Largo,1948,"Action, Crime, Drama            ",7.7
914,Fantasia,1940,"Animation, Family, Fantasy            ",7.7
915,Scarface,1932,"Action, Crime, Drama            ",7.7
916,Dark Waters,2019,"Biography, Drama, History            ",7.6
917,The Mitchells vs the Machines,2021,"Animation, Adventure, Comedy            ",7.6
918,Searching,III 2018,"Drama, Horror, Mystery            ",7.6
919,Once Upon a Time... in Hollywood,2019,"Comedy, Drama            ",7.6
920,Guardians of the Galaxy Vol. 2,2017,"Action, Adventure, Comedy            ",7.6
921,Bridge of Spies,2015,"Drama, History, Thriller            ",7.6
922,Moana,I 2016,"Animation, Adventure, Comedy            ",7.6
923,What We Do in the Shadows,2014,"Comedy, Horror            ",7.6
924,Sicario,2015,"Action, Crime, Drama            ",7.6
925,Creed,II 2015,"Action, Drama, Sport            ",7.6
926,Leviafan,2014,"Crime, Drama            ",7.6
927,Hell or High Water,II 2016,"Crime, Drama, Thriller            ",7.6
928,Philomena,2013,"Biography, Comedy, Drama            ",7.6
929,Dawn of the Planet of the Apes,2014,"Action, Adventure, Drama            ",7.6
930,Serbuan maut,2011,"Action, Crime, Thriller            ",7.6
931,End of Watch,2012,"Action, Adventure, Crime            ",7.6
932,A Star Is Born,2018,"Drama, Music, Romance            ",7.6
933,True Grit,2010,"Drama, Western            ",7.6
934,Despicable Me,2010,"Animation, Adventure, Comedy            ",7.6
935,50/50,2011,"Comedy, Drama, Romance            ",7.6
936,Kick-Ass,2010,"Action, Comedy, Crime            ",7.6
937,Celda 211,2009,"Action, Crime, Drama            ",7.6
938,Moneyball,2011,"Biography, Drama, Sport            ",7.6
939,La piel que habito,2011,"Drama, Horror, Mystery            ",7.6
940,The Blind Side,2009,"Biography, Drama, Sport            ",7.6
941,Gake no ue no Ponyo,2008,"Animation, Adventure, Comedy            ",7.6
942,Superbad,2007,Comedy            ,7.6
943,Seven Pounds,2008,Drama            ,7.6
944,Eastern Promises,2007,"Crime, Drama, Thriller            ",7.6
945,Stardust,2007,"Adventure, Family, Fantasy            ",7.6
946,United 93,2006,"Action, Drama, History            ",7.6
947,The Last King of Scotland,2006,"Biography, Drama, History            ",7.6
948,Inside Man,2006,"Crime, Drama, Mystery            ",7.6
949,Gone Baby Gone,2007,"Crime, Drama, Mystery            ",7.6
950,Kung Fu Panda,2008,"Animation, Action, Adventure            ",7.6
951,Control,2007,"Biography, Drama, Music            ",7.6
952,300,2006,"Action, Drama            ",7.6
953,Match Point,2005,"Drama, Romance, Thriller            ",7.6
954,Watchmen,2009,"Action, Drama, Mystery            ",7.6
955,Lord of War,2005,"Crime, Drama            ",7.6
956,Saw,2004,"Horror, Mystery, Thriller            ",7.6
957,Un long dimanche de fiançailles,2004,"Drama, Mystery, Romance            ",7.6
958,The Station Agent,2003,"Comedy, Drama            ",7.6
959,21 Grams,2003,"Crime, Drama, Thriller            ",7.6
960,25th Hour,2002,Drama            ,7.6
961,The Butterfly Effect,2004,"Drama, Sci-Fi, Thriller            ",7.6
962,I Am Sam,2001,Drama            ,7.6
963,The Royal Tenenbaums,2001,"Comedy, Drama            ",7.6
964,Harry Potter and the Sorcerer's Stone,2001,"Adventure, Family, Fantasy            ",7.6
965,The Others,2001,"Horror, Mystery, Thriller            ",7.6
966,Traffic,2000,"Crime, Drama, Thriller            ",7.6
967,American Psycho,2000,"Crime, Drama, Horror            ",7.6
968,Rushmore,1998,"Comedy, Drama, Romance            ",7.6
969,Star Wars: Episode III - Revenge of the Sith,2005,"Action, Adventure, Fantasy            ",7.6
970,The Thin Red Line,1998,"Drama, History, War            ",7.6
971,Mulan,1998,"Animation, Adventure, Comedy            ",7.6
972,The Fifth Element,1997,"Action, Adventure, Sci-Fi            ",7.6
973,Dark City,1998,"Fantasy, Mystery, Sci-Fi            ",7.6
974,Shine,1996,"Biography, Drama, Music            ",7.6
975,Die Hard: With a Vengeance,1995,"Action, Adventure, Thriller            ",7.6
976,The Bridges of Madison County,1995,"Drama, Romance            ",7.6
977,My Cousin Vinny,1992,"Comedy, Crime            ",7.6
978,Barton Fink,1991,"Comedy, Drama, Thriller            ",7.6
979,The Godfather Part III,1990,"Crime, Drama            ",7.6
980,The Naked Gun: From the Files of Police Squad!,1988,"Comedy, Crime            ",7.6
981,RoboCop,1987,"Action, Crime, Sci-Fi            ",7.6
982,Lethal Weapon,1987,"Action, Crime, Thriller            ",7.6
983,The Fly,1986,"Drama, Horror, Sci-Fi            ",7.6
984,After Hours,I 1985,"Comedy, Crime, Drama            ",7.6
985,Mad Max 2,1981,"Action, Adventure, Sci-Fi            ",7.6
986,Close Encounters of the Third Kind,1977,"Drama, Sci-Fi            ",7.6
987,The Taking of Pelham One Two Three,1974,"Action, Crime, Thriller            ",7.6
988,Enter the Dragon,1973,"Action, Crime, Drama            ",7.6
989,The Odd Couple,1968,Comedy            ,7.6
990,The Jungle Book,1967,"Animation, Adventure, Comedy            ",7.6
991,Repulsion,1965,"Drama, Horror, Thriller            ",7.6
992,The Birds,1963,"Drama, Horror, Mystery            ",7.6
993,Les yeux sans visage,1960,"Drama, Horror            ",7.6
994,Rebel Without a Cause,1955,Drama            ,7.6
995,Sabrina,1954,"Comedy, Drama, Romance            ",7.6
996,From Here to Eternity,1953,"Drama, Romance, War            ",7.6
997,Snow White and the Seven Dwarfs,1937,"Animation, Adventure, Family            ",7.6
998,The 39 Steps,1935,"Crime, Mystery, Thriller            ",7.6
999,The Invisible Man,1933,"Horror, Sci-Fi            ",7.6
